{
    "@": {
        "xmlns": "http://webservices.amazon.com/AWSECommerceService/2011-08-01"
    },
    "OperationRequest": {
        "RequestId": "0b2b0dec-6fec-4992-bf12-226b71040842",
        "Arguments": {
            "Argument": [
                {
                    "@": {
                        "Name": "ItemId",
                        "Value": "B002RI9R3O"
                    }
                },
                {
                    "@": {
                        "Name": "Operation",
                        "Value": "SimilarityLookup"
                    }
                },
                {
                    "@": {
                        "Name": "Service",
                        "Value": "AWSECommerceService"
                    }
                },
                {
                    "@": {
                        "Name": "Version",
                        "Value": "2009-10-01"
                    }
                },
                {
                    "@": {
                        "Name": "AssociateTag",
                        "Value": "scotapcom-21"
                    }
                },
                {
                    "@": {
                        "Name": "Region",
                        "Value": "US"
                    }
                },
                {
                    "@": {
                        "Name": "Timestamp",
                        "Value": "2016-09-02T19:33:06.653Z"
                    }
                },
                {
                    "@": {
                        "Name": "AWSAccessKeyId",
                        "Value": "AKIAJ55ROCVVUZ4A6GGA"
                    }
                },
                {
                    "@": {
                        "Name": "Signature",
                        "Value": "P8mIaxq33lc5qEK9S2Cw1E39Bzyuvi61v6539znd0n0="
                    }
                }
            ]
        },
        "RequestProcessingTime": "0.2824840000000000"
    },
    "Items": {
        "Request": {
            "IsValid": "True",
            "SimilarityLookupRequest": {
                "ItemId": "B002RI9R3O",
                "ResponseGroup": "Small"
            }
        },
        "Item": [
            {
                "ASIN": "B00CPU9NN8",
                "DetailPageURL": "http://www.amazon.co.uk/Genealogy-Morals-Penguin-Classics-ebook/dp/B00CPU9NN8%3FSubscriptionId%3DAKIAJ55ROCVVUZ4A6GGA%26tag%3Dscotapcom-21%26linkCode%3Dxm2%26camp%3D2025%26creative%3D165953%26creativeASIN%3DB00CPU9NN8",
                "ItemLinks": {
                    "ItemLink": [
                        {
                            "Description": "Add To Wishlist",
                            "URL": "http://www.amazon.co.uk/gp/registry/wishlist/add-item.html%3Fasin.0%3DB00CPU9NN8%26SubscriptionId%3DAKIAJ55ROCVVUZ4A6GGA%26tag%3Dscotapcom-21%26linkCode%3Dxm2%26camp%3D2025%26creative%3D12734%26creativeASIN%3DB00CPU9NN8"
                        },
                        {
                            "Description": "Tell A Friend",
                            "URL": "http://www.amazon.co.uk/gp/pdp/taf/B00CPU9NN8%3FSubscriptionId%3DAKIAJ55ROCVVUZ4A6GGA%26tag%3Dscotapcom-21%26linkCode%3Dxm2%26camp%3D2025%26creative%3D12734%26creativeASIN%3DB00CPU9NN8"
                        },
                        {
                            "Description": "All Customer Reviews",
                            "URL": "http://www.amazon.co.uk/review/product/B00CPU9NN8%3FSubscriptionId%3DAKIAJ55ROCVVUZ4A6GGA%26tag%3Dscotapcom-21%26linkCode%3Dxm2%26camp%3D2025%26creative%3D12734%26creativeASIN%3DB00CPU9NN8"
                        },
                        {
                            "Description": "All Offers",
                            "URL": "http://www.amazon.co.uk/gp/offer-listing/B00CPU9NN8%3FSubscriptionId%3DAKIAJ55ROCVVUZ4A6GGA%26tag%3Dscotapcom-21%26linkCode%3Dxm2%26camp%3D2025%26creative%3D12734%26creativeASIN%3DB00CPU9NN8"
                        }
                    ]
                },
                "ItemAttributes": {
                    "Author": "Friedrich Nietzsche",
                    "Creator": [
                        {
                            "#": "Robert C. Holub",
                            "@": {
                                "Role": "Editor"
                            }
                        },
                        {
                            "#": "Michael A. Scarpitti",
                            "@": {
                                "Role": "Translator"
                            }
                        }
                    ],
                    "Manufacturer": "Penguin",
                    "ProductGroup": "eBooks",
                    "Title": "On the Genealogy of Morals (Penguin Classics)"
                }
            },
            {
                "ASIN": "B002RI945U",
                "DetailPageURL": "http://www.amazon.co.uk/Twilight-Idols-Anti-Christ-Penguin-Classics-ebook/dp/B002RI945U%3FSubscriptionId%3DAKIAJ55ROCVVUZ4A6GGA%26tag%3Dscotapcom-21%26linkCode%3Dxm2%26camp%3D2025%26creative%3D165953%26creativeASIN%3DB002RI945U",
                "ItemLinks": {
                    "ItemLink": [
                        {
                            "Description": "Add To Wishlist",
                            "URL": "http://www.amazon.co.uk/gp/registry/wishlist/add-item.html%3Fasin.0%3DB002RI945U%26SubscriptionId%3DAKIAJ55ROCVVUZ4A6GGA%26tag%3Dscotapcom-21%26linkCode%3Dxm2%26camp%3D2025%26creative%3D12734%26creativeASIN%3DB002RI945U"
                        },
                        {
                            "Description": "Tell A Friend",
                            "URL": "http://www.amazon.co.uk/gp/pdp/taf/B002RI945U%3FSubscriptionId%3DAKIAJ55ROCVVUZ4A6GGA%26tag%3Dscotapcom-21%26linkCode%3Dxm2%26camp%3D2025%26creative%3D12734%26creativeASIN%3DB002RI945U"
                        },
                        {
                            "Description": "All Customer Reviews",
                            "URL": "http://www.amazon.co.uk/review/product/B002RI945U%3FSubscriptionId%3DAKIAJ55ROCVVUZ4A6GGA%26tag%3Dscotapcom-21%26linkCode%3Dxm2%26camp%3D2025%26creative%3D12734%26creativeASIN%3DB002RI945U"
                        },
                        {
                            "Description": "All Offers",
                            "URL": "http://www.amazon.co.uk/gp/offer-listing/B002RI945U%3FSubscriptionId%3DAKIAJ55ROCVVUZ4A6GGA%26tag%3Dscotapcom-21%26linkCode%3Dxm2%26camp%3D2025%26creative%3D12734%26creativeASIN%3DB002RI945U"
                        }
                    ]
                },
                "ItemAttributes": {
                    "Author": "Friedrich Nietzsche",
                    "Creator": [
                        {
                            "#": "Michael Tanner",
                            "@": {
                                "Role": "Introduction"
                            }
                        },
                        {
                            "#": "R. J. Hollingdale",
                            "@": {
                                "Role": "Translator"
                            }
                        }
                    ],
                    "Manufacturer": "Penguin",
                    "ProductGroup": "eBooks",
                    "Title": "Twilight of Idols and Anti-Christ (Penguin Classics)"
                }
            },
            {
                "ASIN": "B002RI9DYM",
                "DetailPageURL": "http://www.amazon.co.uk/Ecce-Homo-Becomes-Penguin-Classics-ebook/dp/B002RI9DYM%3FSubscriptionId%3DAKIAJ55ROCVVUZ4A6GGA%26tag%3Dscotapcom-21%26linkCode%3Dxm2%26camp%3D2025%26creative%3D165953%26creativeASIN%3DB002RI9DYM",
                "ItemLinks": {
                    "ItemLink": [
                        {
                            "Description": "Add To Wishlist",
                            "URL": "http://www.amazon.co.uk/gp/registry/wishlist/add-item.html%3Fasin.0%3DB002RI9DYM%26SubscriptionId%3DAKIAJ55ROCVVUZ4A6GGA%26tag%3Dscotapcom-21%26linkCode%3Dxm2%26camp%3D2025%26creative%3D12734%26creativeASIN%3DB002RI9DYM"
                        },
                        {
                            "Description": "Tell A Friend",
                            "URL": "http://www.amazon.co.uk/gp/pdp/taf/B002RI9DYM%3FSubscriptionId%3DAKIAJ55ROCVVUZ4A6GGA%26tag%3Dscotapcom-21%26linkCode%3Dxm2%26camp%3D2025%26creative%3D12734%26creativeASIN%3DB002RI9DYM"
                        },
                        {
                            "Description": "All Customer Reviews",
                            "URL": "http://www.amazon.co.uk/review/product/B002RI9DYM%3FSubscriptionId%3DAKIAJ55ROCVVUZ4A6GGA%26tag%3Dscotapcom-21%26linkCode%3Dxm2%26camp%3D2025%26creative%3D12734%26creativeASIN%3DB002RI9DYM"
                        },
                        {
                            "Description": "All Offers",
                            "URL": "http://www.amazon.co.uk/gp/offer-listing/B002RI9DYM%3FSubscriptionId%3DAKIAJ55ROCVVUZ4A6GGA%26tag%3Dscotapcom-21%26linkCode%3Dxm2%26camp%3D2025%26creative%3D12734%26creativeASIN%3DB002RI9DYM"
                        }
                    ]
                },
                "ItemAttributes": {
                    "Author": "Friedrich Nietzsche",
                    "Creator": [
                        {
                            "#": "Michael Tanner",
                            "@": {
                                "Role": "Introduction"
                            }
                        },
                        {
                            "#": "R. J. Hollingdale",
                            "@": {
                                "Role": "Translator"
                            }
                        }
                    ],
                    "Manufacturer": "Penguin",
                    "ProductGroup": "eBooks",
                    "Title": "Ecce Homo: How One Becomes What One is (Penguin Classics)"
                }
            },
            {
                "ASIN": "B002RI9RDO",
                "DetailPageURL": "http://www.amazon.co.uk/Thus-Spoke-Zarathustra-Friedrich-Nietzsche-ebook/dp/B002RI9RDO%3FSubscriptionId%3DAKIAJ55ROCVVUZ4A6GGA%26tag%3Dscotapcom-21%26linkCode%3Dxm2%26camp%3D2025%26creative%3D165953%26creativeASIN%3DB002RI9RDO",
                "ItemLinks": {
                    "ItemLink": [
                        {
                            "Description": "Add To Wishlist",
                            "URL": "http://www.amazon.co.uk/gp/registry/wishlist/add-item.html%3Fasin.0%3DB002RI9RDO%26SubscriptionId%3DAKIAJ55ROCVVUZ4A6GGA%26tag%3Dscotapcom-21%26linkCode%3Dxm2%26camp%3D2025%26creative%3D12734%26creativeASIN%3DB002RI9RDO"
                        },
                        {
                            "Description": "Tell A Friend",
                            "URL": "http://www.amazon.co.uk/gp/pdp/taf/B002RI9RDO%3FSubscriptionId%3DAKIAJ55ROCVVUZ4A6GGA%26tag%3Dscotapcom-21%26linkCode%3Dxm2%26camp%3D2025%26creative%3D12734%26creativeASIN%3DB002RI9RDO"
                        },
                        {
                            "Description": "All Customer Reviews",
                            "URL": "http://www.amazon.co.uk/review/product/B002RI9RDO%3FSubscriptionId%3DAKIAJ55ROCVVUZ4A6GGA%26tag%3Dscotapcom-21%26linkCode%3Dxm2%26camp%3D2025%26creative%3D12734%26creativeASIN%3DB002RI9RDO"
                        },
                        {
                            "Description": "All Offers",
                            "URL": "http://www.amazon.co.uk/gp/offer-listing/B002RI9RDO%3FSubscriptionId%3DAKIAJ55ROCVVUZ4A6GGA%26tag%3Dscotapcom-21%26linkCode%3Dxm2%26camp%3D2025%26creative%3D12734%26creativeASIN%3DB002RI9RDO"
                        }
                    ]
                },
                "ItemAttributes": {
                    "Author": "Friedrich Nietzsche",
                    "Creator": {
                        "#": "R. J. Hollingdale",
                        "@": {
                            "Role": "Translator"
                        }
                    },
                    "Manufacturer": "Penguin",
                    "ProductGroup": "eBooks",
                    "Title": "Thus Spoke Zarathustra"
                }
            },
            {
                "ASIN": "B002RI9DFG",
                "DetailPageURL": "http://www.amazon.co.uk/Birth-Tragedy-Spirit-Penguin-Classics-ebook/dp/B002RI9DFG%3FSubscriptionId%3DAKIAJ55ROCVVUZ4A6GGA%26tag%3Dscotapcom-21%26linkCode%3Dxm2%26camp%3D2025%26creative%3D165953%26creativeASIN%3DB002RI9DFG",
                "ItemLinks": {
                    "ItemLink": [
                        {
                            "Description": "Add To Wishlist",
                            "URL": "http://www.amazon.co.uk/gp/registry/wishlist/add-item.html%3Fasin.0%3DB002RI9DFG%26SubscriptionId%3DAKIAJ55ROCVVUZ4A6GGA%26tag%3Dscotapcom-21%26linkCode%3Dxm2%26camp%3D2025%26creative%3D12734%26creativeASIN%3DB002RI9DFG"
                        },
                        {
                            "Description": "Tell A Friend",
                            "URL": "http://www.amazon.co.uk/gp/pdp/taf/B002RI9DFG%3FSubscriptionId%3DAKIAJ55ROCVVUZ4A6GGA%26tag%3Dscotapcom-21%26linkCode%3Dxm2%26camp%3D2025%26creative%3D12734%26creativeASIN%3DB002RI9DFG"
                        },
                        {
                            "Description": "All Customer Reviews",
                            "URL": "http://www.amazon.co.uk/review/product/B002RI9DFG%3FSubscriptionId%3DAKIAJ55ROCVVUZ4A6GGA%26tag%3Dscotapcom-21%26linkCode%3Dxm2%26camp%3D2025%26creative%3D12734%26creativeASIN%3DB002RI9DFG"
                        },
                        {
                            "Description": "All Offers",
                            "URL": "http://www.amazon.co.uk/gp/offer-listing/B002RI9DFG%3FSubscriptionId%3DAKIAJ55ROCVVUZ4A6GGA%26tag%3Dscotapcom-21%26linkCode%3Dxm2%26camp%3D2025%26creative%3D12734%26creativeASIN%3DB002RI9DFG"
                        }
                    ]
                },
                "ItemAttributes": {
                    "Author": "Friedrich Nietzsche",
                    "Creator": [
                        {
                            "#": "Michael Tanner",
                            "@": {
                                "Role": "Editor"
                            }
                        },
                        {
                            "#": "Shaun Whiteside",
                            "@": {
                                "Role": "Translator"
                            }
                        }
                    ],
                    "Manufacturer": "Penguin",
                    "ProductGroup": "eBooks",
                    "Title": "The Birth of Tragedy: Out of the Spirit of Music (Penguin Classics)"
                }
            },
            {
                "ASIN": "B002RI9GZI",
                "DetailPageURL": "http://www.amazon.co.uk/Human-All-Too-Penguin-Classics-ebook/dp/B002RI9GZI%3FSubscriptionId%3DAKIAJ55ROCVVUZ4A6GGA%26tag%3Dscotapcom-21%26linkCode%3Dxm2%26camp%3D2025%26creative%3D165953%26creativeASIN%3DB002RI9GZI",
                "ItemLinks": {
                    "ItemLink": [
                        {
                            "Description": "Add To Wishlist",
                            "URL": "http://www.amazon.co.uk/gp/registry/wishlist/add-item.html%3Fasin.0%3DB002RI9GZI%26SubscriptionId%3DAKIAJ55ROCVVUZ4A6GGA%26tag%3Dscotapcom-21%26linkCode%3Dxm2%26camp%3D2025%26creative%3D12734%26creativeASIN%3DB002RI9GZI"
                        },
                        {
                            "Description": "Tell A Friend",
                            "URL": "http://www.amazon.co.uk/gp/pdp/taf/B002RI9GZI%3FSubscriptionId%3DAKIAJ55ROCVVUZ4A6GGA%26tag%3Dscotapcom-21%26linkCode%3Dxm2%26camp%3D2025%26creative%3D12734%26creativeASIN%3DB002RI9GZI"
                        },
                        {
                            "Description": "All Customer Reviews",
                            "URL": "http://www.amazon.co.uk/review/product/B002RI9GZI%3FSubscriptionId%3DAKIAJ55ROCVVUZ4A6GGA%26tag%3Dscotapcom-21%26linkCode%3Dxm2%26camp%3D2025%26creative%3D12734%26creativeASIN%3DB002RI9GZI"
                        },
                        {
                            "Description": "All Offers",
                            "URL": "http://www.amazon.co.uk/gp/offer-listing/B002RI9GZI%3FSubscriptionId%3DAKIAJ55ROCVVUZ4A6GGA%26tag%3Dscotapcom-21%26linkCode%3Dxm2%26camp%3D2025%26creative%3D12734%26creativeASIN%3DB002RI9GZI"
                        }
                    ]
                },
                "ItemAttributes": {
                    "Author": "Friedrich Nietzsche",
                    "Creator": [
                        {
                            "#": "Marion Faber",
                            "@": {
                                "Role": "Editor"
                            }
                        },
                        {
                            "#": "Marion Faber",
                            "@": {
                                "Role": "Introduction"
                            }
                        },
                        {
                            "#": "Marion Faber",
                            "@": {
                                "Role": "Translator"
                            }
                        },
                        {
                            "#": "Stephen Lehmann",
                            "@": {
                                "Role": "Translator"
                            }
                        }
                    ],
                    "Manufacturer": "Penguin",
                    "ProductGroup": "eBooks",
                    "Title": "Human, All Too Human (Penguin Classics)"
                }
            },
            {
                "ASIN": "B01C9KXKY6",
                "DetailPageURL": "http://www.amazon.co.uk/Militant-Michael-Crick-ebook/dp/B01C9KXKY6%3FSubscriptionId%3DAKIAJ55ROCVVUZ4A6GGA%26tag%3Dscotapcom-21%26linkCode%3Dxm2%26camp%3D2025%26creative%3D165953%26creativeASIN%3DB01C9KXKY6",
                "ItemLinks": {
                    "ItemLink": [
                        {
                            "Description": "Add To Wishlist",
                            "URL": "http://www.amazon.co.uk/gp/registry/wishlist/add-item.html%3Fasin.0%3DB01C9KXKY6%26SubscriptionId%3DAKIAJ55ROCVVUZ4A6GGA%26tag%3Dscotapcom-21%26linkCode%3Dxm2%26camp%3D2025%26creative%3D12734%26creativeASIN%3DB01C9KXKY6"
                        },
                        {
                            "Description": "Tell A Friend",
                            "URL": "http://www.amazon.co.uk/gp/pdp/taf/B01C9KXKY6%3FSubscriptionId%3DAKIAJ55ROCVVUZ4A6GGA%26tag%3Dscotapcom-21%26linkCode%3Dxm2%26camp%3D2025%26creative%3D12734%26creativeASIN%3DB01C9KXKY6"
                        },
                        {
                            "Description": "All Customer Reviews",
                            "URL": "http://www.amazon.co.uk/review/product/B01C9KXKY6%3FSubscriptionId%3DAKIAJ55ROCVVUZ4A6GGA%26tag%3Dscotapcom-21%26linkCode%3Dxm2%26camp%3D2025%26creative%3D12734%26creativeASIN%3DB01C9KXKY6"
                        },
                        {
                            "Description": "All Offers",
                            "URL": "http://www.amazon.co.uk/gp/offer-listing/B01C9KXKY6%3FSubscriptionId%3DAKIAJ55ROCVVUZ4A6GGA%26tag%3Dscotapcom-21%26linkCode%3Dxm2%26camp%3D2025%26creative%3D12734%26creativeASIN%3DB01C9KXKY6"
                        }
                    ]
                },
                "ItemAttributes": {
                    "Author": "Michael Crick",
                    "Manufacturer": "Biteback Publishing",
                    "ProductGroup": "eBooks",
                    "Title": "Militant"
                }
            },
            {
                "ASIN": "B002RI9XTW",
                "DetailPageURL": "http://www.amazon.co.uk/Nietzsche-Reader-Classics-Friedrich-ebook/dp/B002RI9XTW%3FSubscriptionId%3DAKIAJ55ROCVVUZ4A6GGA%26tag%3Dscotapcom-21%26linkCode%3Dxm2%26camp%3D2025%26creative%3D165953%26creativeASIN%3DB002RI9XTW",
                "ItemLinks": {
                    "ItemLink": [
                        {
                            "Description": "Add To Wishlist",
                            "URL": "http://www.amazon.co.uk/gp/registry/wishlist/add-item.html%3Fasin.0%3DB002RI9XTW%26SubscriptionId%3DAKIAJ55ROCVVUZ4A6GGA%26tag%3Dscotapcom-21%26linkCode%3Dxm2%26camp%3D2025%26creative%3D12734%26creativeASIN%3DB002RI9XTW"
                        },
                        {
                            "Description": "Tell A Friend",
                            "URL": "http://www.amazon.co.uk/gp/pdp/taf/B002RI9XTW%3FSubscriptionId%3DAKIAJ55ROCVVUZ4A6GGA%26tag%3Dscotapcom-21%26linkCode%3Dxm2%26camp%3D2025%26creative%3D12734%26creativeASIN%3DB002RI9XTW"
                        },
                        {
                            "Description": "All Customer Reviews",
                            "URL": "http://www.amazon.co.uk/review/product/B002RI9XTW%3FSubscriptionId%3DAKIAJ55ROCVVUZ4A6GGA%26tag%3Dscotapcom-21%26linkCode%3Dxm2%26camp%3D2025%26creative%3D12734%26creativeASIN%3DB002RI9XTW"
                        },
                        {
                            "Description": "All Offers",
                            "URL": "http://www.amazon.co.uk/gp/offer-listing/B002RI9XTW%3FSubscriptionId%3DAKIAJ55ROCVVUZ4A6GGA%26tag%3Dscotapcom-21%26linkCode%3Dxm2%26camp%3D2025%26creative%3D12734%26creativeASIN%3DB002RI9XTW"
                        }
                    ]
                },
                "ItemAttributes": {
                    "Author": "Friedrich Nietzsche",
                    "Creator": {
                        "#": "R. J. Hollingdale",
                        "@": {
                            "Role": "Translator"
                        }
                    },
                    "Manufacturer": "Penguin",
                    "ProductGroup": "eBooks",
                    "Title": "A Nietzsche Reader (Classics)"
                }
            },
            {
                "ASIN": "B0076O2VMI",
                "DetailPageURL": "http://www.amazon.co.uk/Righteous-Mind-Divided-Politics-Religion-ebook/dp/B0076O2VMI%3FSubscriptionId%3DAKIAJ55ROCVVUZ4A6GGA%26tag%3Dscotapcom-21%26linkCode%3Dxm2%26camp%3D2025%26creative%3D165953%26creativeASIN%3DB0076O2VMI",
                "ItemLinks": {
                    "ItemLink": [
                        {
                            "Description": "Add To Wishlist",
                            "URL": "http://www.amazon.co.uk/gp/registry/wishlist/add-item.html%3Fasin.0%3DB0076O2VMI%26SubscriptionId%3DAKIAJ55ROCVVUZ4A6GGA%26tag%3Dscotapcom-21%26linkCode%3Dxm2%26camp%3D2025%26creative%3D12734%26creativeASIN%3DB0076O2VMI"
                        },
                        {
                            "Description": "Tell A Friend",
                            "URL": "http://www.amazon.co.uk/gp/pdp/taf/B0076O2VMI%3FSubscriptionId%3DAKIAJ55ROCVVUZ4A6GGA%26tag%3Dscotapcom-21%26linkCode%3Dxm2%26camp%3D2025%26creative%3D12734%26creativeASIN%3DB0076O2VMI"
                        },
                        {
                            "Description": "All Customer Reviews",
                            "URL": "http://www.amazon.co.uk/review/product/B0076O2VMI%3FSubscriptionId%3DAKIAJ55ROCVVUZ4A6GGA%26tag%3Dscotapcom-21%26linkCode%3Dxm2%26camp%3D2025%26creative%3D12734%26creativeASIN%3DB0076O2VMI"
                        },
                        {
                            "Description": "All Offers",
                            "URL": "http://www.amazon.co.uk/gp/offer-listing/B0076O2VMI%3FSubscriptionId%3DAKIAJ55ROCVVUZ4A6GGA%26tag%3Dscotapcom-21%26linkCode%3Dxm2%26camp%3D2025%26creative%3D12734%26creativeASIN%3DB0076O2VMI"
                        }
                    ]
                },
                "ItemAttributes": {
                    "Author": "Jonathan Haidt",
                    "Manufacturer": "Penguin",
                    "ProductGroup": "eBooks",
                    "Title": "The Righteous Mind: Why Good People are Divided by Politics and Religion"
                }
            },
            {
                "ASIN": "B00DSE4M8Q",
                "DetailPageURL": "http://www.amazon.co.uk/August-Vintage-Classics-William-Faulkner-ebook/dp/B00DSE4M8Q%3FSubscriptionId%3DAKIAJ55ROCVVUZ4A6GGA%26tag%3Dscotapcom-21%26linkCode%3Dxm2%26camp%3D2025%26creative%3D165953%26creativeASIN%3DB00DSE4M8Q",
                "ItemLinks": {
                    "ItemLink": [
                        {
                            "Description": "Add To Wishlist",
                            "URL": "http://www.amazon.co.uk/gp/registry/wishlist/add-item.html%3Fasin.0%3DB00DSE4M8Q%26SubscriptionId%3DAKIAJ55ROCVVUZ4A6GGA%26tag%3Dscotapcom-21%26linkCode%3Dxm2%26camp%3D2025%26creative%3D12734%26creativeASIN%3DB00DSE4M8Q"
                        },
                        {
                            "Description": "Tell A Friend",
                            "URL": "http://www.amazon.co.uk/gp/pdp/taf/B00DSE4M8Q%3FSubscriptionId%3DAKIAJ55ROCVVUZ4A6GGA%26tag%3Dscotapcom-21%26linkCode%3Dxm2%26camp%3D2025%26creative%3D12734%26creativeASIN%3DB00DSE4M8Q"
                        },
                        {
                            "Description": "All Customer Reviews",
                            "URL": "http://www.amazon.co.uk/review/product/B00DSE4M8Q%3FSubscriptionId%3DAKIAJ55ROCVVUZ4A6GGA%26tag%3Dscotapcom-21%26linkCode%3Dxm2%26camp%3D2025%26creative%3D12734%26creativeASIN%3DB00DSE4M8Q"
                        },
                        {
                            "Description": "All Offers",
                            "URL": "http://www.amazon.co.uk/gp/offer-listing/B00DSE4M8Q%3FSubscriptionId%3DAKIAJ55ROCVVUZ4A6GGA%26tag%3Dscotapcom-21%26linkCode%3Dxm2%26camp%3D2025%26creative%3D12734%26creativeASIN%3DB00DSE4M8Q"
                        }
                    ]
                },
                "ItemAttributes": {
                    "Author": "William Faulkner",
                    "Manufacturer": "Vintage Digital",
                    "ProductGroup": "eBooks",
                    "Title": "Light In August (Vintage Classics)"
                }
            }
        ]
    }
}