{
    "@": {
        "xmlns": "http://webservices.amazon.com/AWSECommerceService/2011-08-01"
    },
    "OperationRequest": {
        "RequestId": "a3b40027-aa8a-4bdd-8f6a-f5f9936cc30f",
        "Arguments": {
            "Argument": [
                {
                    "@": {
                        "Name": "ItemId",
                        "Value": "B005QE3NUE"
                    }
                },
                {
                    "@": {
                        "Name": "Operation",
                        "Value": "SimilarityLookup"
                    }
                },
                {
                    "@": {
                        "Name": "Service",
                        "Value": "AWSECommerceService"
                    }
                },
                {
                    "@": {
                        "Name": "Version",
                        "Value": "2009-10-01"
                    }
                },
                {
                    "@": {
                        "Name": "AssociateTag",
                        "Value": "scotapcom-21"
                    }
                },
                {
                    "@": {
                        "Name": "Region",
                        "Value": "US"
                    }
                },
                {
                    "@": {
                        "Name": "Timestamp",
                        "Value": "2016-03-17T17:03:57.085Z"
                    }
                },
                {
                    "@": {
                        "Name": "AWSAccessKeyId",
                        "Value": "AKIAJ55ROCVVUZ4A6GGA"
                    }
                },
                {
                    "@": {
                        "Name": "Signature",
                        "Value": "+j8xuFQ4lxwxpNFWYH/fRG7uUAS41qs+c7NPgi9p5hA="
                    }
                }
            ]
        },
        "RequestProcessingTime": "0.1866620000000000"
    },
    "Items": {
        "Request": {
            "IsValid": "True",
            "SimilarityLookupRequest": {
                "ItemId": "B005QE3NUE",
                "ResponseGroup": "Small"
            }
        },
        "Item": [
            {
                "ASIN": "B007704Y08",
                "DetailPageURL": "http://www.amazon.co.uk/The-Shadowed-Sun-Dreamblood-Book-ebook/dp/B007704Y08%3FSubscriptionId%3DAKIAJ55ROCVVUZ4A6GGA%26tag%3Dscotapcom-21%26linkCode%3Dxm2%26camp%3D2025%26creative%3D165953%26creativeASIN%3DB007704Y08",
                "ItemLinks": {
                    "ItemLink": [
                        {
                            "Description": "Add To Wishlist",
                            "URL": "http://www.amazon.co.uk/gp/registry/wishlist/add-item.html%3Fasin.0%3DB007704Y08%26SubscriptionId%3DAKIAJ55ROCVVUZ4A6GGA%26tag%3Dscotapcom-21%26linkCode%3Dxm2%26camp%3D2025%26creative%3D12734%26creativeASIN%3DB007704Y08"
                        },
                        {
                            "Description": "Tell A Friend",
                            "URL": "http://www.amazon.co.uk/gp/pdp/taf/B007704Y08%3FSubscriptionId%3DAKIAJ55ROCVVUZ4A6GGA%26tag%3Dscotapcom-21%26linkCode%3Dxm2%26camp%3D2025%26creative%3D12734%26creativeASIN%3DB007704Y08"
                        },
                        {
                            "Description": "All Customer Reviews",
                            "URL": "http://www.amazon.co.uk/review/product/B007704Y08%3FSubscriptionId%3DAKIAJ55ROCVVUZ4A6GGA%26tag%3Dscotapcom-21%26linkCode%3Dxm2%26camp%3D2025%26creative%3D12734%26creativeASIN%3DB007704Y08"
                        },
                        {
                            "Description": "All Offers",
                            "URL": "http://www.amazon.co.uk/gp/offer-listing/B007704Y08%3FSubscriptionId%3DAKIAJ55ROCVVUZ4A6GGA%26tag%3Dscotapcom-21%26linkCode%3Dxm2%26camp%3D2025%26creative%3D12734%26creativeASIN%3DB007704Y08"
                        }
                    ]
                },
                "ItemAttributes": {
                    "Author": "N. K. Jemisin",
                    "Manufacturer": "Orbit",
                    "ProductGroup": "eBooks",
                    "Title": "The Shadowed Sun: Dreamblood: Book 2"
                }
            },
            {
                "ASIN": "B007NMTIHO",
                "DetailPageURL": "http://www.amazon.co.uk/The-Killing-Moon-Dreamblood-Book-ebook/dp/B007NMTIHO%3FSubscriptionId%3DAKIAJ55ROCVVUZ4A6GGA%26tag%3Dscotapcom-21%26linkCode%3Dxm2%26camp%3D2025%26creative%3D165953%26creativeASIN%3DB007NMTIHO",
                "ItemLinks": {
                    "ItemLink": [
                        {
                            "Description": "Add To Wishlist",
                            "URL": "http://www.amazon.co.uk/gp/registry/wishlist/add-item.html%3Fasin.0%3DB007NMTIHO%26SubscriptionId%3DAKIAJ55ROCVVUZ4A6GGA%26tag%3Dscotapcom-21%26linkCode%3Dxm2%26camp%3D2025%26creative%3D12734%26creativeASIN%3DB007NMTIHO"
                        },
                        {
                            "Description": "Tell A Friend",
                            "URL": "http://www.amazon.co.uk/gp/pdp/taf/B007NMTIHO%3FSubscriptionId%3DAKIAJ55ROCVVUZ4A6GGA%26tag%3Dscotapcom-21%26linkCode%3Dxm2%26camp%3D2025%26creative%3D12734%26creativeASIN%3DB007NMTIHO"
                        },
                        {
                            "Description": "All Customer Reviews",
                            "URL": "http://www.amazon.co.uk/review/product/B007NMTIHO%3FSubscriptionId%3DAKIAJ55ROCVVUZ4A6GGA%26tag%3Dscotapcom-21%26linkCode%3Dxm2%26camp%3D2025%26creative%3D12734%26creativeASIN%3DB007NMTIHO"
                        },
                        {
                            "Description": "All Offers",
                            "URL": "http://www.amazon.co.uk/gp/offer-listing/B007NMTIHO%3FSubscriptionId%3DAKIAJ55ROCVVUZ4A6GGA%26tag%3Dscotapcom-21%26linkCode%3Dxm2%26camp%3D2025%26creative%3D12734%26creativeASIN%3DB007NMTIHO"
                        }
                    ]
                },
                "ItemAttributes": {
                    "Author": "N. K. Jemisin",
                    "Manufacturer": "Orbit",
                    "ProductGroup": "eBooks",
                    "Title": "The Killing Moon: Dreamblood: Book 1"
                }
            },
            {
                "ASIN": "B018SIYVAU",
                "DetailPageURL": "http://www.amazon.co.uk/Tiger-Wolf-Echoes-Fall-Book-ebook/dp/B018SIYVAU%3FSubscriptionId%3DAKIAJ55ROCVVUZ4A6GGA%26tag%3Dscotapcom-21%26linkCode%3Dxm2%26camp%3D2025%26creative%3D165953%26creativeASIN%3DB018SIYVAU",
                "ItemLinks": {
                    "ItemLink": [
                        {
                            "Description": "Add To Wishlist",
                            "URL": "http://www.amazon.co.uk/gp/registry/wishlist/add-item.html%3Fasin.0%3DB018SIYVAU%26SubscriptionId%3DAKIAJ55ROCVVUZ4A6GGA%26tag%3Dscotapcom-21%26linkCode%3Dxm2%26camp%3D2025%26creative%3D12734%26creativeASIN%3DB018SIYVAU"
                        },
                        {
                            "Description": "Tell A Friend",
                            "URL": "http://www.amazon.co.uk/gp/pdp/taf/B018SIYVAU%3FSubscriptionId%3DAKIAJ55ROCVVUZ4A6GGA%26tag%3Dscotapcom-21%26linkCode%3Dxm2%26camp%3D2025%26creative%3D12734%26creativeASIN%3DB018SIYVAU"
                        },
                        {
                            "Description": "All Customer Reviews",
                            "URL": "http://www.amazon.co.uk/review/product/B018SIYVAU%3FSubscriptionId%3DAKIAJ55ROCVVUZ4A6GGA%26tag%3Dscotapcom-21%26linkCode%3Dxm2%26camp%3D2025%26creative%3D12734%26creativeASIN%3DB018SIYVAU"
                        },
                        {
                            "Description": "All Offers",
                            "URL": "http://www.amazon.co.uk/gp/offer-listing/B018SIYVAU%3FSubscriptionId%3DAKIAJ55ROCVVUZ4A6GGA%26tag%3Dscotapcom-21%26linkCode%3Dxm2%26camp%3D2025%26creative%3D12734%26creativeASIN%3DB018SIYVAU"
                        }
                    ]
                },
                "ItemAttributes": {
                    "Author": "Adrian Tchaikovsky",
                    "Manufacturer": "Pan",
                    "ProductGroup": "eBooks",
                    "Title": "The Tiger and the Wolf (Echoes of the Fall Book 1)"
                }
            },
            {
                "ASIN": "B010PIFZQA",
                "DetailPageURL": "http://www.amazon.co.uk/Shades-Shadow-N-K-Jemisin-ebook/dp/B010PIFZQA%3FSubscriptionId%3DAKIAJ55ROCVVUZ4A6GGA%26tag%3Dscotapcom-21%26linkCode%3Dxm2%26camp%3D2025%26creative%3D165953%26creativeASIN%3DB010PIFZQA",
                "ItemLinks": {
                    "ItemLink": [
                        {
                            "Description": "Add To Wishlist",
                            "URL": "http://www.amazon.co.uk/gp/registry/wishlist/add-item.html%3Fasin.0%3DB010PIFZQA%26SubscriptionId%3DAKIAJ55ROCVVUZ4A6GGA%26tag%3Dscotapcom-21%26linkCode%3Dxm2%26camp%3D2025%26creative%3D12734%26creativeASIN%3DB010PIFZQA"
                        },
                        {
                            "Description": "Tell A Friend",
                            "URL": "http://www.amazon.co.uk/gp/pdp/taf/B010PIFZQA%3FSubscriptionId%3DAKIAJ55ROCVVUZ4A6GGA%26tag%3Dscotapcom-21%26linkCode%3Dxm2%26camp%3D2025%26creative%3D12734%26creativeASIN%3DB010PIFZQA"
                        },
                        {
                            "Description": "All Customer Reviews",
                            "URL": "http://www.amazon.co.uk/review/product/B010PIFZQA%3FSubscriptionId%3DAKIAJ55ROCVVUZ4A6GGA%26tag%3Dscotapcom-21%26linkCode%3Dxm2%26camp%3D2025%26creative%3D12734%26creativeASIN%3DB010PIFZQA"
                        },
                        {
                            "Description": "All Offers",
                            "URL": "http://www.amazon.co.uk/gp/offer-listing/B010PIFZQA%3FSubscriptionId%3DAKIAJ55ROCVVUZ4A6GGA%26tag%3Dscotapcom-21%26linkCode%3Dxm2%26camp%3D2025%26creative%3D12734%26creativeASIN%3DB010PIFZQA"
                        }
                    ]
                },
                "ItemAttributes": {
                    "Author": "N. K. Jemisin",
                    "Manufacturer": "Orbit",
                    "ProductGroup": "eBooks",
                    "Title": "Shades in Shadow"
                }
            },
            {
                "ASIN": "B00UFWTMUC",
                "DetailPageURL": "http://www.amazon.co.uk/The-Fifth-Season-Broken-Trilogy-ebook/dp/B00UFWTMUC%3FSubscriptionId%3DAKIAJ55ROCVVUZ4A6GGA%26tag%3Dscotapcom-21%26linkCode%3Dxm2%26camp%3D2025%26creative%3D165953%26creativeASIN%3DB00UFWTMUC",
                "ItemLinks": {
                    "ItemLink": [
                        {
                            "Description": "Add To Wishlist",
                            "URL": "http://www.amazon.co.uk/gp/registry/wishlist/add-item.html%3Fasin.0%3DB00UFWTMUC%26SubscriptionId%3DAKIAJ55ROCVVUZ4A6GGA%26tag%3Dscotapcom-21%26linkCode%3Dxm2%26camp%3D2025%26creative%3D12734%26creativeASIN%3DB00UFWTMUC"
                        },
                        {
                            "Description": "Tell A Friend",
                            "URL": "http://www.amazon.co.uk/gp/pdp/taf/B00UFWTMUC%3FSubscriptionId%3DAKIAJ55ROCVVUZ4A6GGA%26tag%3Dscotapcom-21%26linkCode%3Dxm2%26camp%3D2025%26creative%3D12734%26creativeASIN%3DB00UFWTMUC"
                        },
                        {
                            "Description": "All Customer Reviews",
                            "URL": "http://www.amazon.co.uk/review/product/B00UFWTMUC%3FSubscriptionId%3DAKIAJ55ROCVVUZ4A6GGA%26tag%3Dscotapcom-21%26linkCode%3Dxm2%26camp%3D2025%26creative%3D12734%26creativeASIN%3DB00UFWTMUC"
                        },
                        {
                            "Description": "All Offers",
                            "URL": "http://www.amazon.co.uk/gp/offer-listing/B00UFWTMUC%3FSubscriptionId%3DAKIAJ55ROCVVUZ4A6GGA%26tag%3Dscotapcom-21%26linkCode%3Dxm2%26camp%3D2025%26creative%3D12734%26creativeASIN%3DB00UFWTMUC"
                        }
                    ]
                },
                "ItemAttributes": {
                    "Author": "N. K. Jemisin",
                    "Manufacturer": "Orbit",
                    "ProductGroup": "eBooks",
                    "Title": "The Fifth Season: The Broken Stone, Book 1 (Broken Stone Trilogy)"
                }
            },
            {
                "ASIN": "B00PY2LWG0",
                "DetailPageURL": "http://www.amazon.co.uk/The-Awakened-Kingdom-N-Jemisin-ebook/dp/B00PY2LWG0%3FSubscriptionId%3DAKIAJ55ROCVVUZ4A6GGA%26tag%3Dscotapcom-21%26linkCode%3Dxm2%26camp%3D2025%26creative%3D165953%26creativeASIN%3DB00PY2LWG0",
                "ItemLinks": {
                    "ItemLink": [
                        {
                            "Description": "Add To Wishlist",
                            "URL": "http://www.amazon.co.uk/gp/registry/wishlist/add-item.html%3Fasin.0%3DB00PY2LWG0%26SubscriptionId%3DAKIAJ55ROCVVUZ4A6GGA%26tag%3Dscotapcom-21%26linkCode%3Dxm2%26camp%3D2025%26creative%3D12734%26creativeASIN%3DB00PY2LWG0"
                        },
                        {
                            "Description": "Tell A Friend",
                            "URL": "http://www.amazon.co.uk/gp/pdp/taf/B00PY2LWG0%3FSubscriptionId%3DAKIAJ55ROCVVUZ4A6GGA%26tag%3Dscotapcom-21%26linkCode%3Dxm2%26camp%3D2025%26creative%3D12734%26creativeASIN%3DB00PY2LWG0"
                        },
                        {
                            "Description": "All Customer Reviews",
                            "URL": "http://www.amazon.co.uk/review/product/B00PY2LWG0%3FSubscriptionId%3DAKIAJ55ROCVVUZ4A6GGA%26tag%3Dscotapcom-21%26linkCode%3Dxm2%26camp%3D2025%26creative%3D12734%26creativeASIN%3DB00PY2LWG0"
                        },
                        {
                            "Description": "All Offers",
                            "URL": "http://www.amazon.co.uk/gp/offer-listing/B00PY2LWG0%3FSubscriptionId%3DAKIAJ55ROCVVUZ4A6GGA%26tag%3Dscotapcom-21%26linkCode%3Dxm2%26camp%3D2025%26creative%3D12734%26creativeASIN%3DB00PY2LWG0"
                        }
                    ]
                },
                "ItemAttributes": {
                    "Author": "N. K. Jemisin",
                    "Manufacturer": "Orbit",
                    "ProductGroup": "eBooks",
                    "Title": "The Awakened Kingdom"
                }
            },
            {
                "ASIN": "B010PIFF6K",
                "DetailPageURL": "http://www.amazon.co.uk/The-Obelisk-Gate-Broken-Trilogy-ebook/dp/B010PIFF6K%3FSubscriptionId%3DAKIAJ55ROCVVUZ4A6GGA%26tag%3Dscotapcom-21%26linkCode%3Dxm2%26camp%3D2025%26creative%3D165953%26creativeASIN%3DB010PIFF6K",
                "ItemLinks": {
                    "ItemLink": [
                        {
                            "Description": "Add To Wishlist",
                            "URL": "http://www.amazon.co.uk/gp/registry/wishlist/add-item.html%3Fasin.0%3DB010PIFF6K%26SubscriptionId%3DAKIAJ55ROCVVUZ4A6GGA%26tag%3Dscotapcom-21%26linkCode%3Dxm2%26camp%3D2025%26creative%3D12734%26creativeASIN%3DB010PIFF6K"
                        },
                        {
                            "Description": "Tell A Friend",
                            "URL": "http://www.amazon.co.uk/gp/pdp/taf/B010PIFF6K%3FSubscriptionId%3DAKIAJ55ROCVVUZ4A6GGA%26tag%3Dscotapcom-21%26linkCode%3Dxm2%26camp%3D2025%26creative%3D12734%26creativeASIN%3DB010PIFF6K"
                        },
                        {
                            "Description": "All Customer Reviews",
                            "URL": "http://www.amazon.co.uk/review/product/B010PIFF6K%3FSubscriptionId%3DAKIAJ55ROCVVUZ4A6GGA%26tag%3Dscotapcom-21%26linkCode%3Dxm2%26camp%3D2025%26creative%3D12734%26creativeASIN%3DB010PIFF6K"
                        },
                        {
                            "Description": "All Offers",
                            "URL": "http://www.amazon.co.uk/gp/offer-listing/B010PIFF6K%3FSubscriptionId%3DAKIAJ55ROCVVUZ4A6GGA%26tag%3Dscotapcom-21%26linkCode%3Dxm2%26camp%3D2025%26creative%3D12734%26creativeASIN%3DB010PIFF6K"
                        }
                    ]
                },
                "ItemAttributes": {
                    "Author": "N. K. Jemisin",
                    "Manufacturer": "Orbit",
                    "ProductGroup": "eBooks",
                    "Title": "The Obelisk Gate: The Broken Stone, Book 2 (Broken Stone Trilogy)"
                }
            },
            {
                "ASIN": "B0032TYQTW",
                "DetailPageURL": "http://www.amazon.co.uk/Hundred-Thousand-Kingdoms-Inheritance-Trilogy-ebook/dp/B0032TYQTW%3FSubscriptionId%3DAKIAJ55ROCVVUZ4A6GGA%26tag%3Dscotapcom-21%26linkCode%3Dxm2%26camp%3D2025%26creative%3D165953%26creativeASIN%3DB0032TYQTW",
                "ItemLinks": {
                    "ItemLink": [
                        {
                            "Description": "Add To Wishlist",
                            "URL": "http://www.amazon.co.uk/gp/registry/wishlist/add-item.html%3Fasin.0%3DB0032TYQTW%26SubscriptionId%3DAKIAJ55ROCVVUZ4A6GGA%26tag%3Dscotapcom-21%26linkCode%3Dxm2%26camp%3D2025%26creative%3D12734%26creativeASIN%3DB0032TYQTW"
                        },
                        {
                            "Description": "Tell A Friend",
                            "URL": "http://www.amazon.co.uk/gp/pdp/taf/B0032TYQTW%3FSubscriptionId%3DAKIAJ55ROCVVUZ4A6GGA%26tag%3Dscotapcom-21%26linkCode%3Dxm2%26camp%3D2025%26creative%3D12734%26creativeASIN%3DB0032TYQTW"
                        },
                        {
                            "Description": "All Customer Reviews",
                            "URL": "http://www.amazon.co.uk/review/product/B0032TYQTW%3FSubscriptionId%3DAKIAJ55ROCVVUZ4A6GGA%26tag%3Dscotapcom-21%26linkCode%3Dxm2%26camp%3D2025%26creative%3D12734%26creativeASIN%3DB0032TYQTW"
                        },
                        {
                            "Description": "All Offers",
                            "URL": "http://www.amazon.co.uk/gp/offer-listing/B0032TYQTW%3FSubscriptionId%3DAKIAJ55ROCVVUZ4A6GGA%26tag%3Dscotapcom-21%26linkCode%3Dxm2%26camp%3D2025%26creative%3D12734%26creativeASIN%3DB0032TYQTW"
                        }
                    ]
                },
                "ItemAttributes": {
                    "Author": "N.K. Jemisin",
                    "Manufacturer": "Orbit",
                    "ProductGroup": "eBooks",
                    "Title": "The Hundred Thousand Kingdoms (Inheritance Trilogy Book 1)"
                }
            },
            {
                "ASIN": "B004KSRVEQ",
                "DetailPageURL": "http://www.amazon.co.uk/Broken-Kingdoms-Inheritance-Trilogy-Book-ebook/dp/B004KSRVEQ%3FSubscriptionId%3DAKIAJ55ROCVVUZ4A6GGA%26tag%3Dscotapcom-21%26linkCode%3Dxm2%26camp%3D2025%26creative%3D165953%26creativeASIN%3DB004KSRVEQ",
                "ItemLinks": {
                    "ItemLink": [
                        {
                            "Description": "Add To Wishlist",
                            "URL": "http://www.amazon.co.uk/gp/registry/wishlist/add-item.html%3Fasin.0%3DB004KSRVEQ%26SubscriptionId%3DAKIAJ55ROCVVUZ4A6GGA%26tag%3Dscotapcom-21%26linkCode%3Dxm2%26camp%3D2025%26creative%3D12734%26creativeASIN%3DB004KSRVEQ"
                        },
                        {
                            "Description": "Tell A Friend",
                            "URL": "http://www.amazon.co.uk/gp/pdp/taf/B004KSRVEQ%3FSubscriptionId%3DAKIAJ55ROCVVUZ4A6GGA%26tag%3Dscotapcom-21%26linkCode%3Dxm2%26camp%3D2025%26creative%3D12734%26creativeASIN%3DB004KSRVEQ"
                        },
                        {
                            "Description": "All Customer Reviews",
                            "URL": "http://www.amazon.co.uk/review/product/B004KSRVEQ%3FSubscriptionId%3DAKIAJ55ROCVVUZ4A6GGA%26tag%3Dscotapcom-21%26linkCode%3Dxm2%26camp%3D2025%26creative%3D12734%26creativeASIN%3DB004KSRVEQ"
                        },
                        {
                            "Description": "All Offers",
                            "URL": "http://www.amazon.co.uk/gp/offer-listing/B004KSRVEQ%3FSubscriptionId%3DAKIAJ55ROCVVUZ4A6GGA%26tag%3Dscotapcom-21%26linkCode%3Dxm2%26camp%3D2025%26creative%3D12734%26creativeASIN%3DB004KSRVEQ"
                        }
                    ]
                },
                "ItemAttributes": {
                    "Author": "N. K. Jemisin",
                    "Manufacturer": "Orbit",
                    "ProductGroup": "eBooks",
                    "Title": "The Broken Kingdoms (Inheritance Trilogy Book 2)"
                }
            },
            {
                "ASIN": "B0191FND6W",
                "DetailPageURL": "http://www.amazon.co.uk/The-Wheel-Osheim-Queens-Book-ebook/dp/B0191FND6W%3FSubscriptionId%3DAKIAJ55ROCVVUZ4A6GGA%26tag%3Dscotapcom-21%26linkCode%3Dxm2%26camp%3D2025%26creative%3D165953%26creativeASIN%3DB0191FND6W",
                "ItemLinks": {
                    "ItemLink": [
                        {
                            "Description": "Add To Wishlist",
                            "URL": "http://www.amazon.co.uk/gp/registry/wishlist/add-item.html%3Fasin.0%3DB0191FND6W%26SubscriptionId%3DAKIAJ55ROCVVUZ4A6GGA%26tag%3Dscotapcom-21%26linkCode%3Dxm2%26camp%3D2025%26creative%3D12734%26creativeASIN%3DB0191FND6W"
                        },
                        {
                            "Description": "Tell A Friend",
                            "URL": "http://www.amazon.co.uk/gp/pdp/taf/B0191FND6W%3FSubscriptionId%3DAKIAJ55ROCVVUZ4A6GGA%26tag%3Dscotapcom-21%26linkCode%3Dxm2%26camp%3D2025%26creative%3D12734%26creativeASIN%3DB0191FND6W"
                        },
                        {
                            "Description": "All Customer Reviews",
                            "URL": "http://www.amazon.co.uk/review/product/B0191FND6W%3FSubscriptionId%3DAKIAJ55ROCVVUZ4A6GGA%26tag%3Dscotapcom-21%26linkCode%3Dxm2%26camp%3D2025%26creative%3D12734%26creativeASIN%3DB0191FND6W"
                        },
                        {
                            "Description": "All Offers",
                            "URL": "http://www.amazon.co.uk/gp/offer-listing/B0191FND6W%3FSubscriptionId%3DAKIAJ55ROCVVUZ4A6GGA%26tag%3Dscotapcom-21%26linkCode%3Dxm2%26camp%3D2025%26creative%3D12734%26creativeASIN%3DB0191FND6W"
                        }
                    ]
                },
                "ItemAttributes": {
                    "Author": "Mark Lawrence",
                    "Manufacturer": "Harper Voyager",
                    "ProductGroup": "eBooks",
                    "Title": "The Wheel of Osheim (Red Queen's War, Book 3)"
                }
            }
        ]
    }
}