{
    "@": {
        "xmlns": "http://webservices.amazon.com/AWSECommerceService/2011-08-01"
    },
    "OperationRequest": {
        "RequestId": "d128b8a2-38ee-4b56-b539-7fc206644d97",
        "Arguments": {
            "Argument": [
                {
                    "@": {
                        "Name": "ItemId",
                        "Value": "B0068PHTLO"
                    }
                },
                {
                    "@": {
                        "Name": "Operation",
                        "Value": "SimilarityLookup"
                    }
                },
                {
                    "@": {
                        "Name": "Service",
                        "Value": "AWSECommerceService"
                    }
                },
                {
                    "@": {
                        "Name": "Version",
                        "Value": "2009-10-01"
                    }
                },
                {
                    "@": {
                        "Name": "AssociateTag",
                        "Value": "scotapcom-21"
                    }
                },
                {
                    "@": {
                        "Name": "Region",
                        "Value": "US"
                    }
                },
                {
                    "@": {
                        "Name": "Timestamp",
                        "Value": "2016-03-17T16:59:33.349Z"
                    }
                },
                {
                    "@": {
                        "Name": "AWSAccessKeyId",
                        "Value": "AKIAJ55ROCVVUZ4A6GGA"
                    }
                },
                {
                    "@": {
                        "Name": "Signature",
                        "Value": "x4qMJ+gMUWNmJ3fbchmZLEppbgA0U2ZykmZ3mHfXWGY="
                    }
                }
            ]
        },
        "RequestProcessingTime": "0.1009860000000000"
    },
    "Items": {
        "Request": {
            "IsValid": "True",
            "SimilarityLookupRequest": {
                "ItemId": "B0068PHTLO",
                "ResponseGroup": "Small"
            }
        },
        "Item": [
            {
                "ASIN": "B002TZ3ESO",
                "DetailPageURL": "http://www.amazon.co.uk/Company-Robert-Jackson-Bennett-ebook/dp/B002TZ3ESO%3FSubscriptionId%3DAKIAJ55ROCVVUZ4A6GGA%26tag%3Dscotapcom-21%26linkCode%3Dxm2%26camp%3D2025%26creative%3D165953%26creativeASIN%3DB002TZ3ESO",
                "ItemLinks": {
                    "ItemLink": [
                        {
                            "Description": "Add To Wishlist",
                            "URL": "http://www.amazon.co.uk/gp/registry/wishlist/add-item.html%3Fasin.0%3DB002TZ3ESO%26SubscriptionId%3DAKIAJ55ROCVVUZ4A6GGA%26tag%3Dscotapcom-21%26linkCode%3Dxm2%26camp%3D2025%26creative%3D12734%26creativeASIN%3DB002TZ3ESO"
                        },
                        {
                            "Description": "Tell A Friend",
                            "URL": "http://www.amazon.co.uk/gp/pdp/taf/B002TZ3ESO%3FSubscriptionId%3DAKIAJ55ROCVVUZ4A6GGA%26tag%3Dscotapcom-21%26linkCode%3Dxm2%26camp%3D2025%26creative%3D12734%26creativeASIN%3DB002TZ3ESO"
                        },
                        {
                            "Description": "All Customer Reviews",
                            "URL": "http://www.amazon.co.uk/review/product/B002TZ3ESO%3FSubscriptionId%3DAKIAJ55ROCVVUZ4A6GGA%26tag%3Dscotapcom-21%26linkCode%3Dxm2%26camp%3D2025%26creative%3D12734%26creativeASIN%3DB002TZ3ESO"
                        },
                        {
                            "Description": "All Offers",
                            "URL": "http://www.amazon.co.uk/gp/offer-listing/B002TZ3ESO%3FSubscriptionId%3DAKIAJ55ROCVVUZ4A6GGA%26tag%3Dscotapcom-21%26linkCode%3Dxm2%26camp%3D2025%26creative%3D12734%26creativeASIN%3DB002TZ3ESO"
                        }
                    ]
                },
                "ItemAttributes": {
                    "Author": "Robert Jackson Bennett",
                    "Manufacturer": "Orbit",
                    "ProductGroup": "eBooks",
                    "Title": "The Company Man"
                }
            },
            {
                "ASIN": "B00TOOSCC6",
                "DetailPageURL": "http://www.amazon.co.uk/City-Blades-Divine-Cities-Book-ebook/dp/B00TOOSCC6%3FSubscriptionId%3DAKIAJ55ROCVVUZ4A6GGA%26tag%3Dscotapcom-21%26linkCode%3Dxm2%26camp%3D2025%26creative%3D165953%26creativeASIN%3DB00TOOSCC6",
                "ItemLinks": {
                    "ItemLink": [
                        {
                            "Description": "Add To Wishlist",
                            "URL": "http://www.amazon.co.uk/gp/registry/wishlist/add-item.html%3Fasin.0%3DB00TOOSCC6%26SubscriptionId%3DAKIAJ55ROCVVUZ4A6GGA%26tag%3Dscotapcom-21%26linkCode%3Dxm2%26camp%3D2025%26creative%3D12734%26creativeASIN%3DB00TOOSCC6"
                        },
                        {
                            "Description": "Tell A Friend",
                            "URL": "http://www.amazon.co.uk/gp/pdp/taf/B00TOOSCC6%3FSubscriptionId%3DAKIAJ55ROCVVUZ4A6GGA%26tag%3Dscotapcom-21%26linkCode%3Dxm2%26camp%3D2025%26creative%3D12734%26creativeASIN%3DB00TOOSCC6"
                        },
                        {
                            "Description": "All Customer Reviews",
                            "URL": "http://www.amazon.co.uk/review/product/B00TOOSCC6%3FSubscriptionId%3DAKIAJ55ROCVVUZ4A6GGA%26tag%3Dscotapcom-21%26linkCode%3Dxm2%26camp%3D2025%26creative%3D12734%26creativeASIN%3DB00TOOSCC6"
                        },
                        {
                            "Description": "All Offers",
                            "URL": "http://www.amazon.co.uk/gp/offer-listing/B00TOOSCC6%3FSubscriptionId%3DAKIAJ55ROCVVUZ4A6GGA%26tag%3Dscotapcom-21%26linkCode%3Dxm2%26camp%3D2025%26creative%3D12734%26creativeASIN%3DB00TOOSCC6"
                        }
                    ]
                },
                "ItemAttributes": {
                    "Author": "Robert Jackson Bennett",
                    "Manufacturer": "Jo Fletcher Books",
                    "ProductGroup": "eBooks",
                    "Title": "City of Blades: The Divine Cities Book 2"
                }
            },
            {
                "ASIN": "B00JOHUAOG",
                "DetailPageURL": "http://www.amazon.co.uk/The-Moon-King-Neil-Williamson-ebook/dp/B00JOHUAOG%3FSubscriptionId%3DAKIAJ55ROCVVUZ4A6GGA%26tag%3Dscotapcom-21%26linkCode%3Dxm2%26camp%3D2025%26creative%3D165953%26creativeASIN%3DB00JOHUAOG",
                "ItemLinks": {
                    "ItemLink": [
                        {
                            "Description": "Add To Wishlist",
                            "URL": "http://www.amazon.co.uk/gp/registry/wishlist/add-item.html%3Fasin.0%3DB00JOHUAOG%26SubscriptionId%3DAKIAJ55ROCVVUZ4A6GGA%26tag%3Dscotapcom-21%26linkCode%3Dxm2%26camp%3D2025%26creative%3D12734%26creativeASIN%3DB00JOHUAOG"
                        },
                        {
                            "Description": "Tell A Friend",
                            "URL": "http://www.amazon.co.uk/gp/pdp/taf/B00JOHUAOG%3FSubscriptionId%3DAKIAJ55ROCVVUZ4A6GGA%26tag%3Dscotapcom-21%26linkCode%3Dxm2%26camp%3D2025%26creative%3D12734%26creativeASIN%3DB00JOHUAOG"
                        },
                        {
                            "Description": "All Customer Reviews",
                            "URL": "http://www.amazon.co.uk/review/product/B00JOHUAOG%3FSubscriptionId%3DAKIAJ55ROCVVUZ4A6GGA%26tag%3Dscotapcom-21%26linkCode%3Dxm2%26camp%3D2025%26creative%3D12734%26creativeASIN%3DB00JOHUAOG"
                        },
                        {
                            "Description": "All Offers",
                            "URL": "http://www.amazon.co.uk/gp/offer-listing/B00JOHUAOG%3FSubscriptionId%3DAKIAJ55ROCVVUZ4A6GGA%26tag%3Dscotapcom-21%26linkCode%3Dxm2%26camp%3D2025%26creative%3D12734%26creativeASIN%3DB00JOHUAOG"
                        }
                    ]
                },
                "ItemAttributes": {
                    "Author": "Neil Williamson",
                    "Manufacturer": "NewCon Press",
                    "ProductGroup": "eBooks",
                    "Title": "The Moon King"
                }
            },
            {
                "ASIN": "B00ABLJ14E",
                "DetailPageURL": "http://www.amazon.co.uk/Dreams-Shadows-C-Robert-Cargill-ebook/dp/B00ABLJ14E%3FSubscriptionId%3DAKIAJ55ROCVVUZ4A6GGA%26tag%3Dscotapcom-21%26linkCode%3Dxm2%26camp%3D2025%26creative%3D165953%26creativeASIN%3DB00ABLJ14E",
                "ItemLinks": {
                    "ItemLink": [
                        {
                            "Description": "Add To Wishlist",
                            "URL": "http://www.amazon.co.uk/gp/registry/wishlist/add-item.html%3Fasin.0%3DB00ABLJ14E%26SubscriptionId%3DAKIAJ55ROCVVUZ4A6GGA%26tag%3Dscotapcom-21%26linkCode%3Dxm2%26camp%3D2025%26creative%3D12734%26creativeASIN%3DB00ABLJ14E"
                        },
                        {
                            "Description": "Tell A Friend",
                            "URL": "http://www.amazon.co.uk/gp/pdp/taf/B00ABLJ14E%3FSubscriptionId%3DAKIAJ55ROCVVUZ4A6GGA%26tag%3Dscotapcom-21%26linkCode%3Dxm2%26camp%3D2025%26creative%3D12734%26creativeASIN%3DB00ABLJ14E"
                        },
                        {
                            "Description": "All Customer Reviews",
                            "URL": "http://www.amazon.co.uk/review/product/B00ABLJ14E%3FSubscriptionId%3DAKIAJ55ROCVVUZ4A6GGA%26tag%3Dscotapcom-21%26linkCode%3Dxm2%26camp%3D2025%26creative%3D12734%26creativeASIN%3DB00ABLJ14E"
                        },
                        {
                            "Description": "All Offers",
                            "URL": "http://www.amazon.co.uk/gp/offer-listing/B00ABLJ14E%3FSubscriptionId%3DAKIAJ55ROCVVUZ4A6GGA%26tag%3Dscotapcom-21%26linkCode%3Dxm2%26camp%3D2025%26creative%3D12734%26creativeASIN%3DB00ABLJ14E"
                        }
                    ]
                },
                "ItemAttributes": {
                    "Author": "C. Robert Cargill",
                    "Manufacturer": "Gollancz",
                    "ProductGroup": "eBooks",
                    "Title": "Dreams and Shadows"
                }
            },
            {
                "ASIN": "B0163755D0",
                "DetailPageURL": "http://www.amazon.co.uk/Medusas-Web-Tim-Powers-ebook/dp/B0163755D0%3FSubscriptionId%3DAKIAJ55ROCVVUZ4A6GGA%26tag%3Dscotapcom-21%26linkCode%3Dxm2%26camp%3D2025%26creative%3D165953%26creativeASIN%3DB0163755D0",
                "ItemLinks": {
                    "ItemLink": [
                        {
                            "Description": "Add To Wishlist",
                            "URL": "http://www.amazon.co.uk/gp/registry/wishlist/add-item.html%3Fasin.0%3DB0163755D0%26SubscriptionId%3DAKIAJ55ROCVVUZ4A6GGA%26tag%3Dscotapcom-21%26linkCode%3Dxm2%26camp%3D2025%26creative%3D12734%26creativeASIN%3DB0163755D0"
                        },
                        {
                            "Description": "Tell A Friend",
                            "URL": "http://www.amazon.co.uk/gp/pdp/taf/B0163755D0%3FSubscriptionId%3DAKIAJ55ROCVVUZ4A6GGA%26tag%3Dscotapcom-21%26linkCode%3Dxm2%26camp%3D2025%26creative%3D12734%26creativeASIN%3DB0163755D0"
                        },
                        {
                            "Description": "All Customer Reviews",
                            "URL": "http://www.amazon.co.uk/review/product/B0163755D0%3FSubscriptionId%3DAKIAJ55ROCVVUZ4A6GGA%26tag%3Dscotapcom-21%26linkCode%3Dxm2%26camp%3D2025%26creative%3D12734%26creativeASIN%3DB0163755D0"
                        },
                        {
                            "Description": "All Offers",
                            "URL": "http://www.amazon.co.uk/gp/offer-listing/B0163755D0%3FSubscriptionId%3DAKIAJ55ROCVVUZ4A6GGA%26tag%3Dscotapcom-21%26linkCode%3Dxm2%26camp%3D2025%26creative%3D12734%26creativeASIN%3DB0163755D0"
                        }
                    ]
                },
                "ItemAttributes": {
                    "Author": "Tim Powers",
                    "Manufacturer": "Corvus",
                    "ProductGroup": "eBooks",
                    "Title": "Medusa's Web"
                }
            },
            {
                "ASIN": "B00L7SLSXM",
                "DetailPageURL": "http://www.amazon.co.uk/City-Stairs-Divine-Cities-Book-ebook/dp/B00L7SLSXM%3FSubscriptionId%3DAKIAJ55ROCVVUZ4A6GGA%26tag%3Dscotapcom-21%26linkCode%3Dxm2%26camp%3D2025%26creative%3D165953%26creativeASIN%3DB00L7SLSXM",
                "ItemLinks": {
                    "ItemLink": [
                        {
                            "Description": "Add To Wishlist",
                            "URL": "http://www.amazon.co.uk/gp/registry/wishlist/add-item.html%3Fasin.0%3DB00L7SLSXM%26SubscriptionId%3DAKIAJ55ROCVVUZ4A6GGA%26tag%3Dscotapcom-21%26linkCode%3Dxm2%26camp%3D2025%26creative%3D12734%26creativeASIN%3DB00L7SLSXM"
                        },
                        {
                            "Description": "Tell A Friend",
                            "URL": "http://www.amazon.co.uk/gp/pdp/taf/B00L7SLSXM%3FSubscriptionId%3DAKIAJ55ROCVVUZ4A6GGA%26tag%3Dscotapcom-21%26linkCode%3Dxm2%26camp%3D2025%26creative%3D12734%26creativeASIN%3DB00L7SLSXM"
                        },
                        {
                            "Description": "All Customer Reviews",
                            "URL": "http://www.amazon.co.uk/review/product/B00L7SLSXM%3FSubscriptionId%3DAKIAJ55ROCVVUZ4A6GGA%26tag%3Dscotapcom-21%26linkCode%3Dxm2%26camp%3D2025%26creative%3D12734%26creativeASIN%3DB00L7SLSXM"
                        },
                        {
                            "Description": "All Offers",
                            "URL": "http://www.amazon.co.uk/gp/offer-listing/B00L7SLSXM%3FSubscriptionId%3DAKIAJ55ROCVVUZ4A6GGA%26tag%3Dscotapcom-21%26linkCode%3Dxm2%26camp%3D2025%26creative%3D12734%26creativeASIN%3DB00L7SLSXM"
                        }
                    ]
                },
                "ItemAttributes": {
                    "Author": "Robert Jackson Bennett",
                    "Manufacturer": "Quercus",
                    "ProductGroup": "eBooks",
                    "Title": "City of Stairs: The Divine Cities Book 1"
                }
            },
            {
                "ASIN": "B00UFWTMUC",
                "DetailPageURL": "http://www.amazon.co.uk/The-Fifth-Season-Broken-Trilogy-ebook/dp/B00UFWTMUC%3FSubscriptionId%3DAKIAJ55ROCVVUZ4A6GGA%26tag%3Dscotapcom-21%26linkCode%3Dxm2%26camp%3D2025%26creative%3D165953%26creativeASIN%3DB00UFWTMUC",
                "ItemLinks": {
                    "ItemLink": [
                        {
                            "Description": "Add To Wishlist",
                            "URL": "http://www.amazon.co.uk/gp/registry/wishlist/add-item.html%3Fasin.0%3DB00UFWTMUC%26SubscriptionId%3DAKIAJ55ROCVVUZ4A6GGA%26tag%3Dscotapcom-21%26linkCode%3Dxm2%26camp%3D2025%26creative%3D12734%26creativeASIN%3DB00UFWTMUC"
                        },
                        {
                            "Description": "Tell A Friend",
                            "URL": "http://www.amazon.co.uk/gp/pdp/taf/B00UFWTMUC%3FSubscriptionId%3DAKIAJ55ROCVVUZ4A6GGA%26tag%3Dscotapcom-21%26linkCode%3Dxm2%26camp%3D2025%26creative%3D12734%26creativeASIN%3DB00UFWTMUC"
                        },
                        {
                            "Description": "All Customer Reviews",
                            "URL": "http://www.amazon.co.uk/review/product/B00UFWTMUC%3FSubscriptionId%3DAKIAJ55ROCVVUZ4A6GGA%26tag%3Dscotapcom-21%26linkCode%3Dxm2%26camp%3D2025%26creative%3D12734%26creativeASIN%3DB00UFWTMUC"
                        },
                        {
                            "Description": "All Offers",
                            "URL": "http://www.amazon.co.uk/gp/offer-listing/B00UFWTMUC%3FSubscriptionId%3DAKIAJ55ROCVVUZ4A6GGA%26tag%3Dscotapcom-21%26linkCode%3Dxm2%26camp%3D2025%26creative%3D12734%26creativeASIN%3DB00UFWTMUC"
                        }
                    ]
                },
                "ItemAttributes": {
                    "Author": "N. K. Jemisin",
                    "Manufacturer": "Orbit",
                    "ProductGroup": "eBooks",
                    "Title": "The Fifth Season: The Broken Stone, Book 1 (Broken Stone Trilogy)"
                }
            },
            {
                "ASIN": "B00ABLJ08G",
                "DetailPageURL": "http://www.amazon.co.uk/The-Glass-Magicals-Anonymous-Book-ebook/dp/B00ABLJ08G%3FSubscriptionId%3DAKIAJ55ROCVVUZ4A6GGA%26tag%3Dscotapcom-21%26linkCode%3Dxm2%26camp%3D2025%26creative%3D165953%26creativeASIN%3DB00ABLJ08G",
                "ItemLinks": {
                    "ItemLink": [
                        {
                            "Description": "Add To Wishlist",
                            "URL": "http://www.amazon.co.uk/gp/registry/wishlist/add-item.html%3Fasin.0%3DB00ABLJ08G%26SubscriptionId%3DAKIAJ55ROCVVUZ4A6GGA%26tag%3Dscotapcom-21%26linkCode%3Dxm2%26camp%3D2025%26creative%3D12734%26creativeASIN%3DB00ABLJ08G"
                        },
                        {
                            "Description": "Tell A Friend",
                            "URL": "http://www.amazon.co.uk/gp/pdp/taf/B00ABLJ08G%3FSubscriptionId%3DAKIAJ55ROCVVUZ4A6GGA%26tag%3Dscotapcom-21%26linkCode%3Dxm2%26camp%3D2025%26creative%3D12734%26creativeASIN%3DB00ABLJ08G"
                        },
                        {
                            "Description": "All Customer Reviews",
                            "URL": "http://www.amazon.co.uk/review/product/B00ABLJ08G%3FSubscriptionId%3DAKIAJ55ROCVVUZ4A6GGA%26tag%3Dscotapcom-21%26linkCode%3Dxm2%26camp%3D2025%26creative%3D12734%26creativeASIN%3DB00ABLJ08G"
                        },
                        {
                            "Description": "All Offers",
                            "URL": "http://www.amazon.co.uk/gp/offer-listing/B00ABLJ08G%3FSubscriptionId%3DAKIAJ55ROCVVUZ4A6GGA%26tag%3Dscotapcom-21%26linkCode%3Dxm2%26camp%3D2025%26creative%3D12734%26creativeASIN%3DB00ABLJ08G"
                        }
                    ]
                },
                "ItemAttributes": {
                    "Author": "Kate Griffin",
                    "Manufacturer": "Orbit",
                    "ProductGroup": "eBooks",
                    "Title": "The Glass God (Magicals Anonymous Book 2)"
                }
            },
            {
                "ASIN": "B0035XOQMM",
                "DetailPageURL": "http://www.amazon.co.uk/Mr-Shivers-Robert-Jackson-Bennett-ebook/dp/B0035XOQMM%3FSubscriptionId%3DAKIAJ55ROCVVUZ4A6GGA%26tag%3Dscotapcom-21%26linkCode%3Dxm2%26camp%3D2025%26creative%3D165953%26creativeASIN%3DB0035XOQMM",
                "ItemLinks": {
                    "ItemLink": [
                        {
                            "Description": "Add To Wishlist",
                            "URL": "http://www.amazon.co.uk/gp/registry/wishlist/add-item.html%3Fasin.0%3DB0035XOQMM%26SubscriptionId%3DAKIAJ55ROCVVUZ4A6GGA%26tag%3Dscotapcom-21%26linkCode%3Dxm2%26camp%3D2025%26creative%3D12734%26creativeASIN%3DB0035XOQMM"
                        },
                        {
                            "Description": "Tell A Friend",
                            "URL": "http://www.amazon.co.uk/gp/pdp/taf/B0035XOQMM%3FSubscriptionId%3DAKIAJ55ROCVVUZ4A6GGA%26tag%3Dscotapcom-21%26linkCode%3Dxm2%26camp%3D2025%26creative%3D12734%26creativeASIN%3DB0035XOQMM"
                        },
                        {
                            "Description": "All Customer Reviews",
                            "URL": "http://www.amazon.co.uk/review/product/B0035XOQMM%3FSubscriptionId%3DAKIAJ55ROCVVUZ4A6GGA%26tag%3Dscotapcom-21%26linkCode%3Dxm2%26camp%3D2025%26creative%3D12734%26creativeASIN%3DB0035XOQMM"
                        },
                        {
                            "Description": "All Offers",
                            "URL": "http://www.amazon.co.uk/gp/offer-listing/B0035XOQMM%3FSubscriptionId%3DAKIAJ55ROCVVUZ4A6GGA%26tag%3Dscotapcom-21%26linkCode%3Dxm2%26camp%3D2025%26creative%3D12734%26creativeASIN%3DB0035XOQMM"
                        }
                    ]
                },
                "ItemAttributes": {
                    "Author": "Robert Jackson Bennett",
                    "Manufacturer": "Orbit",
                    "ProductGroup": "eBooks",
                    "Title": "Mr Shivers"
                }
            },
            {
                "ASIN": "B00FQZXCRC",
                "DetailPageURL": "http://www.amazon.co.uk/American-Elsewhere-Robert-Jackson-Bennett-ebook-y/dp/B00FQZXCRC%3FSubscriptionId%3DAKIAJ55ROCVVUZ4A6GGA%26tag%3Dscotapcom-21%26linkCode%3Dxm2%26camp%3D2025%26creative%3D165953%26creativeASIN%3DB00FQZXCRC",
                "ItemLinks": {
                    "ItemLink": [
                        {
                            "Description": "Add To Wishlist",
                            "URL": "http://www.amazon.co.uk/gp/registry/wishlist/add-item.html%3Fasin.0%3DB00FQZXCRC%26SubscriptionId%3DAKIAJ55ROCVVUZ4A6GGA%26tag%3Dscotapcom-21%26linkCode%3Dxm2%26camp%3D2025%26creative%3D12734%26creativeASIN%3DB00FQZXCRC"
                        },
                        {
                            "Description": "Tell A Friend",
                            "URL": "http://www.amazon.co.uk/gp/pdp/taf/B00FQZXCRC%3FSubscriptionId%3DAKIAJ55ROCVVUZ4A6GGA%26tag%3Dscotapcom-21%26linkCode%3Dxm2%26camp%3D2025%26creative%3D12734%26creativeASIN%3DB00FQZXCRC"
                        },
                        {
                            "Description": "All Customer Reviews",
                            "URL": "http://www.amazon.co.uk/review/product/B00FQZXCRC%3FSubscriptionId%3DAKIAJ55ROCVVUZ4A6GGA%26tag%3Dscotapcom-21%26linkCode%3Dxm2%26camp%3D2025%26creative%3D12734%26creativeASIN%3DB00FQZXCRC"
                        },
                        {
                            "Description": "All Offers",
                            "URL": "http://www.amazon.co.uk/gp/offer-listing/B00FQZXCRC%3FSubscriptionId%3DAKIAJ55ROCVVUZ4A6GGA%26tag%3Dscotapcom-21%26linkCode%3Dxm2%26camp%3D2025%26creative%3D12734%26creativeASIN%3DB00FQZXCRC"
                        }
                    ]
                },
                "ItemAttributes": {
                    "Author": "Robert Jackson Bennett",
                    "Manufacturer": "Orbit",
                    "ProductGroup": "eBooks",
                    "Title": "American Elsewhere"
                }
            }
        ]
    }
}