{
    "@": {
        "xmlns": "http://webservices.amazon.com/AWSECommerceService/2011-08-01"
    },
    "OperationRequest": {
        "RequestId": "ee3799f8-729c-4b9b-9720-61215250609d",
        "Arguments": {
            "Argument": [
                {
                    "@": {
                        "Name": "ItemId",
                        "Value": "B00LOOCGB2"
                    }
                },
                {
                    "@": {
                        "Name": "Operation",
                        "Value": "SimilarityLookup"
                    }
                },
                {
                    "@": {
                        "Name": "Service",
                        "Value": "AWSECommerceService"
                    }
                },
                {
                    "@": {
                        "Name": "Version",
                        "Value": "2009-10-01"
                    }
                },
                {
                    "@": {
                        "Name": "AssociateTag",
                        "Value": "scotapcom-21"
                    }
                },
                {
                    "@": {
                        "Name": "Region",
                        "Value": "US"
                    }
                },
                {
                    "@": {
                        "Name": "Timestamp",
                        "Value": "2016-03-17T17:09:28.030Z"
                    }
                },
                {
                    "@": {
                        "Name": "AWSAccessKeyId",
                        "Value": "AKIAJ55ROCVVUZ4A6GGA"
                    }
                },
                {
                    "@": {
                        "Name": "Signature",
                        "Value": "l1aTEkPLz046wweAcjbjPVvHofX4BT3eQ8u6QRDdHPs="
                    }
                }
            ]
        },
        "RequestProcessingTime": "0.2672390000000000"
    },
    "Items": {
        "Request": {
            "IsValid": "True",
            "SimilarityLookupRequest": {
                "ItemId": "B00LOOCGB2",
                "ResponseGroup": "Small"
            }
        },
        "Item": [
            {
                "ASIN": "B00YLR2R2W",
                "DetailPageURL": "http://www.amazon.co.uk/The-Singularity-Near-Ray-Kurzweil-ebook/dp/B00YLR2R2W%3FSubscriptionId%3DAKIAJ55ROCVVUZ4A6GGA%26tag%3Dscotapcom-21%26linkCode%3Dxm2%26camp%3D2025%26creative%3D165953%26creativeASIN%3DB00YLR2R2W",
                "ItemLinks": {
                    "ItemLink": [
                        {
                            "Description": "Add To Wishlist",
                            "URL": "http://www.amazon.co.uk/gp/registry/wishlist/add-item.html%3Fasin.0%3DB00YLR2R2W%26SubscriptionId%3DAKIAJ55ROCVVUZ4A6GGA%26tag%3Dscotapcom-21%26linkCode%3Dxm2%26camp%3D2025%26creative%3D12734%26creativeASIN%3DB00YLR2R2W"
                        },
                        {
                            "Description": "Tell A Friend",
                            "URL": "http://www.amazon.co.uk/gp/pdp/taf/B00YLR2R2W%3FSubscriptionId%3DAKIAJ55ROCVVUZ4A6GGA%26tag%3Dscotapcom-21%26linkCode%3Dxm2%26camp%3D2025%26creative%3D12734%26creativeASIN%3DB00YLR2R2W"
                        },
                        {
                            "Description": "All Customer Reviews",
                            "URL": "http://www.amazon.co.uk/review/product/B00YLR2R2W%3FSubscriptionId%3DAKIAJ55ROCVVUZ4A6GGA%26tag%3Dscotapcom-21%26linkCode%3Dxm2%26camp%3D2025%26creative%3D12734%26creativeASIN%3DB00YLR2R2W"
                        },
                        {
                            "Description": "All Offers",
                            "URL": "http://www.amazon.co.uk/gp/offer-listing/B00YLR2R2W%3FSubscriptionId%3DAKIAJ55ROCVVUZ4A6GGA%26tag%3Dscotapcom-21%26linkCode%3Dxm2%26camp%3D2025%26creative%3D12734%26creativeASIN%3DB00YLR2R2W"
                        }
                    ]
                },
                "ItemAttributes": {
                    "Author": "Ray Kurzweil",
                    "Manufacturer": "Duckworth Overlook",
                    "ProductGroup": "eBooks",
                    "Title": "The Singularity is Near"
                }
            },
            {
                "ASIN": "B00H4MVYSO",
                "DetailPageURL": "http://www.amazon.co.uk/Our-Mathematical-Universe-Ultimate-Reality-ebook/dp/B00H4MVYSO%3FSubscriptionId%3DAKIAJ55ROCVVUZ4A6GGA%26tag%3Dscotapcom-21%26linkCode%3Dxm2%26camp%3D2025%26creative%3D165953%26creativeASIN%3DB00H4MVYSO",
                "ItemLinks": {
                    "ItemLink": [
                        {
                            "Description": "Add To Wishlist",
                            "URL": "http://www.amazon.co.uk/gp/registry/wishlist/add-item.html%3Fasin.0%3DB00H4MVYSO%26SubscriptionId%3DAKIAJ55ROCVVUZ4A6GGA%26tag%3Dscotapcom-21%26linkCode%3Dxm2%26camp%3D2025%26creative%3D12734%26creativeASIN%3DB00H4MVYSO"
                        },
                        {
                            "Description": "Tell A Friend",
                            "URL": "http://www.amazon.co.uk/gp/pdp/taf/B00H4MVYSO%3FSubscriptionId%3DAKIAJ55ROCVVUZ4A6GGA%26tag%3Dscotapcom-21%26linkCode%3Dxm2%26camp%3D2025%26creative%3D12734%26creativeASIN%3DB00H4MVYSO"
                        },
                        {
                            "Description": "All Customer Reviews",
                            "URL": "http://www.amazon.co.uk/review/product/B00H4MVYSO%3FSubscriptionId%3DAKIAJ55ROCVVUZ4A6GGA%26tag%3Dscotapcom-21%26linkCode%3Dxm2%26camp%3D2025%26creative%3D12734%26creativeASIN%3DB00H4MVYSO"
                        },
                        {
                            "Description": "All Offers",
                            "URL": "http://www.amazon.co.uk/gp/offer-listing/B00H4MVYSO%3FSubscriptionId%3DAKIAJ55ROCVVUZ4A6GGA%26tag%3Dscotapcom-21%26linkCode%3Dxm2%26camp%3D2025%26creative%3D12734%26creativeASIN%3DB00H4MVYSO"
                        }
                    ]
                },
                "ItemAttributes": {
                    "Author": "Max Tegmark",
                    "Manufacturer": "Penguin",
                    "ProductGroup": "eBooks",
                    "Title": "Our Mathematical Universe: My Quest for the Ultimate Nature of Reality"
                }
            },
            {
                "ASIN": "B00YLR2EHK",
                "DetailPageURL": "http://www.amazon.co.uk/How-Create-Mind-Thought-Revealed-ebook/dp/B00YLR2EHK%3FSubscriptionId%3DAKIAJ55ROCVVUZ4A6GGA%26tag%3Dscotapcom-21%26linkCode%3Dxm2%26camp%3D2025%26creative%3D165953%26creativeASIN%3DB00YLR2EHK",
                "ItemLinks": {
                    "ItemLink": [
                        {
                            "Description": "Add To Wishlist",
                            "URL": "http://www.amazon.co.uk/gp/registry/wishlist/add-item.html%3Fasin.0%3DB00YLR2EHK%26SubscriptionId%3DAKIAJ55ROCVVUZ4A6GGA%26tag%3Dscotapcom-21%26linkCode%3Dxm2%26camp%3D2025%26creative%3D12734%26creativeASIN%3DB00YLR2EHK"
                        },
                        {
                            "Description": "Tell A Friend",
                            "URL": "http://www.amazon.co.uk/gp/pdp/taf/B00YLR2EHK%3FSubscriptionId%3DAKIAJ55ROCVVUZ4A6GGA%26tag%3Dscotapcom-21%26linkCode%3Dxm2%26camp%3D2025%26creative%3D12734%26creativeASIN%3DB00YLR2EHK"
                        },
                        {
                            "Description": "All Customer Reviews",
                            "URL": "http://www.amazon.co.uk/review/product/B00YLR2EHK%3FSubscriptionId%3DAKIAJ55ROCVVUZ4A6GGA%26tag%3Dscotapcom-21%26linkCode%3Dxm2%26camp%3D2025%26creative%3D12734%26creativeASIN%3DB00YLR2EHK"
                        },
                        {
                            "Description": "All Offers",
                            "URL": "http://www.amazon.co.uk/gp/offer-listing/B00YLR2EHK%3FSubscriptionId%3DAKIAJ55ROCVVUZ4A6GGA%26tag%3Dscotapcom-21%26linkCode%3Dxm2%26camp%3D2025%26creative%3D12734%26creativeASIN%3DB00YLR2EHK"
                        }
                    ]
                },
                "ItemAttributes": {
                    "Author": "Terry Bisson",
                    "Manufacturer": "Duckworth Overlook",
                    "ProductGroup": "eBooks",
                    "Title": "How to Create a Mind: The Secret of Human Thought Revealed"
                }
            },
            {
                "ASIN": "B0106O2RNC",
                "DetailPageURL": "http://www.amazon.co.uk/Humans-Need-Not-Apply-Intelligence-ebook/dp/B0106O2RNC%3FSubscriptionId%3DAKIAJ55ROCVVUZ4A6GGA%26tag%3Dscotapcom-21%26linkCode%3Dxm2%26camp%3D2025%26creative%3D165953%26creativeASIN%3DB0106O2RNC",
                "ItemLinks": {
                    "ItemLink": [
                        {
                            "Description": "Add To Wishlist",
                            "URL": "http://www.amazon.co.uk/gp/registry/wishlist/add-item.html%3Fasin.0%3DB0106O2RNC%26SubscriptionId%3DAKIAJ55ROCVVUZ4A6GGA%26tag%3Dscotapcom-21%26linkCode%3Dxm2%26camp%3D2025%26creative%3D12734%26creativeASIN%3DB0106O2RNC"
                        },
                        {
                            "Description": "Tell A Friend",
                            "URL": "http://www.amazon.co.uk/gp/pdp/taf/B0106O2RNC%3FSubscriptionId%3DAKIAJ55ROCVVUZ4A6GGA%26tag%3Dscotapcom-21%26linkCode%3Dxm2%26camp%3D2025%26creative%3D12734%26creativeASIN%3DB0106O2RNC"
                        },
                        {
                            "Description": "All Customer Reviews",
                            "URL": "http://www.amazon.co.uk/review/product/B0106O2RNC%3FSubscriptionId%3DAKIAJ55ROCVVUZ4A6GGA%26tag%3Dscotapcom-21%26linkCode%3Dxm2%26camp%3D2025%26creative%3D12734%26creativeASIN%3DB0106O2RNC"
                        },
                        {
                            "Description": "All Offers",
                            "URL": "http://www.amazon.co.uk/gp/offer-listing/B0106O2RNC%3FSubscriptionId%3DAKIAJ55ROCVVUZ4A6GGA%26tag%3Dscotapcom-21%26linkCode%3Dxm2%26camp%3D2025%26creative%3D12734%26creativeASIN%3DB0106O2RNC"
                        }
                    ]
                },
                "ItemAttributes": {
                    "Author": "Jerry Kaplan",
                    "Manufacturer": "Yale University Press",
                    "ProductGroup": "eBooks",
                    "Title": "Humans Need Not Apply: A Guide to Wealth and Work in the Age of Artificial Intelligence"
                }
            },
            {
                "ASIN": "B0147SEZ92",
                "DetailPageURL": "http://www.amazon.co.uk/The-Master-Algorithm-Ultimate-Learning-ebook/dp/B0147SEZ92%3FSubscriptionId%3DAKIAJ55ROCVVUZ4A6GGA%26tag%3Dscotapcom-21%26linkCode%3Dxm2%26camp%3D2025%26creative%3D165953%26creativeASIN%3DB0147SEZ92",
                "ItemLinks": {
                    "ItemLink": [
                        {
                            "Description": "Add To Wishlist",
                            "URL": "http://www.amazon.co.uk/gp/registry/wishlist/add-item.html%3Fasin.0%3DB0147SEZ92%26SubscriptionId%3DAKIAJ55ROCVVUZ4A6GGA%26tag%3Dscotapcom-21%26linkCode%3Dxm2%26camp%3D2025%26creative%3D12734%26creativeASIN%3DB0147SEZ92"
                        },
                        {
                            "Description": "Tell A Friend",
                            "URL": "http://www.amazon.co.uk/gp/pdp/taf/B0147SEZ92%3FSubscriptionId%3DAKIAJ55ROCVVUZ4A6GGA%26tag%3Dscotapcom-21%26linkCode%3Dxm2%26camp%3D2025%26creative%3D12734%26creativeASIN%3DB0147SEZ92"
                        },
                        {
                            "Description": "All Customer Reviews",
                            "URL": "http://www.amazon.co.uk/review/product/B0147SEZ92%3FSubscriptionId%3DAKIAJ55ROCVVUZ4A6GGA%26tag%3Dscotapcom-21%26linkCode%3Dxm2%26camp%3D2025%26creative%3D12734%26creativeASIN%3DB0147SEZ92"
                        },
                        {
                            "Description": "All Offers",
                            "URL": "http://www.amazon.co.uk/gp/offer-listing/B0147SEZ92%3FSubscriptionId%3DAKIAJ55ROCVVUZ4A6GGA%26tag%3Dscotapcom-21%26linkCode%3Dxm2%26camp%3D2025%26creative%3D12734%26creativeASIN%3DB0147SEZ92"
                        }
                    ]
                },
                "ItemAttributes": {
                    "Author": "Pedro Domingos",
                    "Manufacturer": "Allen Lane",
                    "ProductGroup": "eBooks",
                    "Title": "The Master Algorithm: How the Quest for the Ultimate Learning Machine Will Remake Our World"
                }
            },
            {
                "ASIN": "B003WE9D7M",
                "DetailPageURL": "http://www.amazon.co.uk/Global-Catastrophic-Risks-Martin-Rees-ebook/dp/B003WE9D7M%3FSubscriptionId%3DAKIAJ55ROCVVUZ4A6GGA%26tag%3Dscotapcom-21%26linkCode%3Dxm2%26camp%3D2025%26creative%3D165953%26creativeASIN%3DB003WE9D7M",
                "ItemLinks": {
                    "ItemLink": [
                        {
                            "Description": "Add To Wishlist",
                            "URL": "http://www.amazon.co.uk/gp/registry/wishlist/add-item.html%3Fasin.0%3DB003WE9D7M%26SubscriptionId%3DAKIAJ55ROCVVUZ4A6GGA%26tag%3Dscotapcom-21%26linkCode%3Dxm2%26camp%3D2025%26creative%3D12734%26creativeASIN%3DB003WE9D7M"
                        },
                        {
                            "Description": "Tell A Friend",
                            "URL": "http://www.amazon.co.uk/gp/pdp/taf/B003WE9D7M%3FSubscriptionId%3DAKIAJ55ROCVVUZ4A6GGA%26tag%3Dscotapcom-21%26linkCode%3Dxm2%26camp%3D2025%26creative%3D12734%26creativeASIN%3DB003WE9D7M"
                        },
                        {
                            "Description": "All Customer Reviews",
                            "URL": "http://www.amazon.co.uk/review/product/B003WE9D7M%3FSubscriptionId%3DAKIAJ55ROCVVUZ4A6GGA%26tag%3Dscotapcom-21%26linkCode%3Dxm2%26camp%3D2025%26creative%3D12734%26creativeASIN%3DB003WE9D7M"
                        },
                        {
                            "Description": "All Offers",
                            "URL": "http://www.amazon.co.uk/gp/offer-listing/B003WE9D7M%3FSubscriptionId%3DAKIAJ55ROCVVUZ4A6GGA%26tag%3Dscotapcom-21%26linkCode%3Dxm2%26camp%3D2025%26creative%3D12734%26creativeASIN%3DB003WE9D7M"
                        }
                    ]
                },
                "ItemAttributes": {
                    "Author": "Martin J. Rees",
                    "Creator": [
                        {
                            "#": "Martin J. Rees",
                            "@": {
                                "Role": "Contributor"
                            }
                        },
                        {
                            "#": "Nick Bostrom",
                            "@": {
                                "Role": "Editor"
                            }
                        },
                        {
                            "#": "Milan M. Cirkovic",
                            "@": {
                                "Role": "Editor"
                            }
                        }
                    ],
                    "Manufacturer": "OUP Oxford",
                    "ProductGroup": "eBooks",
                    "Title": "Global Catastrophic Risks"
                }
            },
            {
                "ASIN": "B006QV7ZMS",
                "DetailPageURL": "http://www.amazon.co.uk/Reasons-Persons-Derek-Parfit-ebook/dp/B006QV7ZMS%3FSubscriptionId%3DAKIAJ55ROCVVUZ4A6GGA%26tag%3Dscotapcom-21%26linkCode%3Dxm2%26camp%3D2025%26creative%3D165953%26creativeASIN%3DB006QV7ZMS",
                "ItemLinks": {
                    "ItemLink": [
                        {
                            "Description": "Add To Wishlist",
                            "URL": "http://www.amazon.co.uk/gp/registry/wishlist/add-item.html%3Fasin.0%3DB006QV7ZMS%26SubscriptionId%3DAKIAJ55ROCVVUZ4A6GGA%26tag%3Dscotapcom-21%26linkCode%3Dxm2%26camp%3D2025%26creative%3D12734%26creativeASIN%3DB006QV7ZMS"
                        },
                        {
                            "Description": "Tell A Friend",
                            "URL": "http://www.amazon.co.uk/gp/pdp/taf/B006QV7ZMS%3FSubscriptionId%3DAKIAJ55ROCVVUZ4A6GGA%26tag%3Dscotapcom-21%26linkCode%3Dxm2%26camp%3D2025%26creative%3D12734%26creativeASIN%3DB006QV7ZMS"
                        },
                        {
                            "Description": "All Customer Reviews",
                            "URL": "http://www.amazon.co.uk/review/product/B006QV7ZMS%3FSubscriptionId%3DAKIAJ55ROCVVUZ4A6GGA%26tag%3Dscotapcom-21%26linkCode%3Dxm2%26camp%3D2025%26creative%3D12734%26creativeASIN%3DB006QV7ZMS"
                        },
                        {
                            "Description": "All Offers",
                            "URL": "http://www.amazon.co.uk/gp/offer-listing/B006QV7ZMS%3FSubscriptionId%3DAKIAJ55ROCVVUZ4A6GGA%26tag%3Dscotapcom-21%26linkCode%3Dxm2%26camp%3D2025%26creative%3D12734%26creativeASIN%3DB006QV7ZMS"
                        }
                    ]
                },
                "ItemAttributes": {
                    "Author": "Derek Parfit",
                    "Manufacturer": "OUP Oxford",
                    "ProductGroup": "eBooks",
                    "Title": "Reasons and Persons"
                }
            },
            {
                "ASIN": "B014RFZJVI",
                "DetailPageURL": "http://www.amazon.co.uk/Surviving-AI-promise-artificial-intelligence-ebook/dp/B014RFZJVI%3FSubscriptionId%3DAKIAJ55ROCVVUZ4A6GGA%26tag%3Dscotapcom-21%26linkCode%3Dxm2%26camp%3D2025%26creative%3D165953%26creativeASIN%3DB014RFZJVI",
                "ItemLinks": {
                    "ItemLink": [
                        {
                            "Description": "Add To Wishlist",
                            "URL": "http://www.amazon.co.uk/gp/registry/wishlist/add-item.html%3Fasin.0%3DB014RFZJVI%26SubscriptionId%3DAKIAJ55ROCVVUZ4A6GGA%26tag%3Dscotapcom-21%26linkCode%3Dxm2%26camp%3D2025%26creative%3D12734%26creativeASIN%3DB014RFZJVI"
                        },
                        {
                            "Description": "Tell A Friend",
                            "URL": "http://www.amazon.co.uk/gp/pdp/taf/B014RFZJVI%3FSubscriptionId%3DAKIAJ55ROCVVUZ4A6GGA%26tag%3Dscotapcom-21%26linkCode%3Dxm2%26camp%3D2025%26creative%3D12734%26creativeASIN%3DB014RFZJVI"
                        },
                        {
                            "Description": "All Customer Reviews",
                            "URL": "http://www.amazon.co.uk/review/product/B014RFZJVI%3FSubscriptionId%3DAKIAJ55ROCVVUZ4A6GGA%26tag%3Dscotapcom-21%26linkCode%3Dxm2%26camp%3D2025%26creative%3D12734%26creativeASIN%3DB014RFZJVI"
                        },
                        {
                            "Description": "All Offers",
                            "URL": "http://www.amazon.co.uk/gp/offer-listing/B014RFZJVI%3FSubscriptionId%3DAKIAJ55ROCVVUZ4A6GGA%26tag%3Dscotapcom-21%26linkCode%3Dxm2%26camp%3D2025%26creative%3D12734%26creativeASIN%3DB014RFZJVI"
                        }
                    ]
                },
                "ItemAttributes": {
                    "Author": "Calum Chace",
                    "Manufacturer": "Three Cs",
                    "ProductGroup": "eBooks",
                    "Title": "Surviving AI: The promise and peril of artificial intelligence"
                }
            },
            {
                "ASIN": "B0147D1WIO",
                "DetailPageURL": "http://www.amazon.co.uk/The-Rise-Robots-Technology-Unemployment-ebook/dp/B0147D1WIO%3FSubscriptionId%3DAKIAJ55ROCVVUZ4A6GGA%26tag%3Dscotapcom-21%26linkCode%3Dxm2%26camp%3D2025%26creative%3D165953%26creativeASIN%3DB0147D1WIO",
                "ItemLinks": {
                    "ItemLink": [
                        {
                            "Description": "Add To Wishlist",
                            "URL": "http://www.amazon.co.uk/gp/registry/wishlist/add-item.html%3Fasin.0%3DB0147D1WIO%26SubscriptionId%3DAKIAJ55ROCVVUZ4A6GGA%26tag%3Dscotapcom-21%26linkCode%3Dxm2%26camp%3D2025%26creative%3D12734%26creativeASIN%3DB0147D1WIO"
                        },
                        {
                            "Description": "Tell A Friend",
                            "URL": "http://www.amazon.co.uk/gp/pdp/taf/B0147D1WIO%3FSubscriptionId%3DAKIAJ55ROCVVUZ4A6GGA%26tag%3Dscotapcom-21%26linkCode%3Dxm2%26camp%3D2025%26creative%3D12734%26creativeASIN%3DB0147D1WIO"
                        },
                        {
                            "Description": "All Customer Reviews",
                            "URL": "http://www.amazon.co.uk/review/product/B0147D1WIO%3FSubscriptionId%3DAKIAJ55ROCVVUZ4A6GGA%26tag%3Dscotapcom-21%26linkCode%3Dxm2%26camp%3D2025%26creative%3D12734%26creativeASIN%3DB0147D1WIO"
                        },
                        {
                            "Description": "All Offers",
                            "URL": "http://www.amazon.co.uk/gp/offer-listing/B0147D1WIO%3FSubscriptionId%3DAKIAJ55ROCVVUZ4A6GGA%26tag%3Dscotapcom-21%26linkCode%3Dxm2%26camp%3D2025%26creative%3D12734%26creativeASIN%3DB0147D1WIO"
                        }
                    ]
                },
                "ItemAttributes": {
                    "Author": "Martin Ford",
                    "Manufacturer": "Oneworld Publications",
                    "ProductGroup": "eBooks",
                    "Title": "The Rise of the Robots: Technology and the Threat of Mass Unemployment"
                }
            },
            {
                "ASIN": "B00IB4N4KU",
                "DetailPageURL": "http://www.amazon.co.uk/Smarter-Than-Us-Machine-Intelligence-ebook/dp/B00IB4N4KU%3FSubscriptionId%3DAKIAJ55ROCVVUZ4A6GGA%26tag%3Dscotapcom-21%26linkCode%3Dxm2%26camp%3D2025%26creative%3D165953%26creativeASIN%3DB00IB4N4KU",
                "ItemLinks": {
                    "ItemLink": [
                        {
                            "Description": "Add To Wishlist",
                            "URL": "http://www.amazon.co.uk/gp/registry/wishlist/add-item.html%3Fasin.0%3DB00IB4N4KU%26SubscriptionId%3DAKIAJ55ROCVVUZ4A6GGA%26tag%3Dscotapcom-21%26linkCode%3Dxm2%26camp%3D2025%26creative%3D12734%26creativeASIN%3DB00IB4N4KU"
                        },
                        {
                            "Description": "Tell A Friend",
                            "URL": "http://www.amazon.co.uk/gp/pdp/taf/B00IB4N4KU%3FSubscriptionId%3DAKIAJ55ROCVVUZ4A6GGA%26tag%3Dscotapcom-21%26linkCode%3Dxm2%26camp%3D2025%26creative%3D12734%26creativeASIN%3DB00IB4N4KU"
                        },
                        {
                            "Description": "All Customer Reviews",
                            "URL": "http://www.amazon.co.uk/review/product/B00IB4N4KU%3FSubscriptionId%3DAKIAJ55ROCVVUZ4A6GGA%26tag%3Dscotapcom-21%26linkCode%3Dxm2%26camp%3D2025%26creative%3D12734%26creativeASIN%3DB00IB4N4KU"
                        },
                        {
                            "Description": "All Offers",
                            "URL": "http://www.amazon.co.uk/gp/offer-listing/B00IB4N4KU%3FSubscriptionId%3DAKIAJ55ROCVVUZ4A6GGA%26tag%3Dscotapcom-21%26linkCode%3Dxm2%26camp%3D2025%26creative%3D12734%26creativeASIN%3DB00IB4N4KU"
                        }
                    ]
                },
                "ItemAttributes": {
                    "Author": "Stuart Armstrong",
                    "Manufacturer": "Machine Intelligence Research Institute",
                    "ProductGroup": "eBooks",
                    "Title": "Smarter Than Us: The Rise of Machine Intelligence"
                }
            }
        ]
    }
}