{
    "@": {
        "xmlns": "http://webservices.amazon.com/AWSECommerceService/2011-08-01"
    },
    "OperationRequest": {
        "RequestId": "c7183b7d-6480-47ff-98aa-59f0038b4776",
        "Arguments": {
            "Argument": [
                {
                    "@": {
                        "Name": "ItemId",
                        "Value": "B0166QOXKY"
                    }
                },
                {
                    "@": {
                        "Name": "Operation",
                        "Value": "SimilarityLookup"
                    }
                },
                {
                    "@": {
                        "Name": "Service",
                        "Value": "AWSECommerceService"
                    }
                },
                {
                    "@": {
                        "Name": "Version",
                        "Value": "2009-10-01"
                    }
                },
                {
                    "@": {
                        "Name": "AssociateTag",
                        "Value": "scotapcom-21"
                    }
                },
                {
                    "@": {
                        "Name": "Region",
                        "Value": "US"
                    }
                },
                {
                    "@": {
                        "Name": "Timestamp",
                        "Value": "2016-03-17T17:08:29.860Z"
                    }
                },
                {
                    "@": {
                        "Name": "AWSAccessKeyId",
                        "Value": "AKIAJ55ROCVVUZ4A6GGA"
                    }
                },
                {
                    "@": {
                        "Name": "Signature",
                        "Value": "hCSpe0hmWM3oqpi0ZelNNh/VD3/IbYpW1A/gDv03u78="
                    }
                }
            ]
        },
        "RequestProcessingTime": "0.1926340000000000"
    },
    "Items": {
        "Request": {
            "IsValid": "True",
            "SimilarityLookupRequest": {
                "ItemId": "B0166QOXKY",
                "ResponseGroup": "Small"
            }
        },
        "Item": [
            {
                "ASIN": "B01AC51VN2",
                "DetailPageURL": "http://www.amazon.co.uk/Dragon-Hunters-Chronicles-Exile-Turner-ebook/dp/B01AC51VN2%3FSubscriptionId%3DAKIAJ55ROCVVUZ4A6GGA%26tag%3Dscotapcom-21%26linkCode%3Dxm2%26camp%3D2025%26creative%3D165953%26creativeASIN%3DB01AC51VN2",
                "ItemLinks": {
                    "ItemLink": [
                        {
                            "Description": "Add To Wishlist",
                            "URL": "http://www.amazon.co.uk/gp/registry/wishlist/add-item.html%3Fasin.0%3DB01AC51VN2%26SubscriptionId%3DAKIAJ55ROCVVUZ4A6GGA%26tag%3Dscotapcom-21%26linkCode%3Dxm2%26camp%3D2025%26creative%3D12734%26creativeASIN%3DB01AC51VN2"
                        },
                        {
                            "Description": "Tell A Friend",
                            "URL": "http://www.amazon.co.uk/gp/pdp/taf/B01AC51VN2%3FSubscriptionId%3DAKIAJ55ROCVVUZ4A6GGA%26tag%3Dscotapcom-21%26linkCode%3Dxm2%26camp%3D2025%26creative%3D12734%26creativeASIN%3DB01AC51VN2"
                        },
                        {
                            "Description": "All Customer Reviews",
                            "URL": "http://www.amazon.co.uk/review/product/B01AC51VN2%3FSubscriptionId%3DAKIAJ55ROCVVUZ4A6GGA%26tag%3Dscotapcom-21%26linkCode%3Dxm2%26camp%3D2025%26creative%3D12734%26creativeASIN%3DB01AC51VN2"
                        },
                        {
                            "Description": "All Offers",
                            "URL": "http://www.amazon.co.uk/gp/offer-listing/B01AC51VN2%3FSubscriptionId%3DAKIAJ55ROCVVUZ4A6GGA%26tag%3Dscotapcom-21%26linkCode%3Dxm2%26camp%3D2025%26creative%3D12734%26creativeASIN%3DB01AC51VN2"
                        }
                    ]
                },
                "ItemAttributes": {
                    "Author": "Marc Turner",
                    "Manufacturer": "Titan Books",
                    "ProductGroup": "eBooks",
                    "Title": "Dragon Hunters (Chronicles of the Exile)"
                }
            },
            {
                "ASIN": "B01B9S28PG",
                "DetailPageURL": "http://www.amazon.co.uk/Ghosts-Tristan-Basin-Powder-Novella-ebook/dp/B01B9S28PG%3FSubscriptionId%3DAKIAJ55ROCVVUZ4A6GGA%26tag%3Dscotapcom-21%26linkCode%3Dxm2%26camp%3D2025%26creative%3D165953%26creativeASIN%3DB01B9S28PG",
                "ItemLinks": {
                    "ItemLink": [
                        {
                            "Description": "Add To Wishlist",
                            "URL": "http://www.amazon.co.uk/gp/registry/wishlist/add-item.html%3Fasin.0%3DB01B9S28PG%26SubscriptionId%3DAKIAJ55ROCVVUZ4A6GGA%26tag%3Dscotapcom-21%26linkCode%3Dxm2%26camp%3D2025%26creative%3D12734%26creativeASIN%3DB01B9S28PG"
                        },
                        {
                            "Description": "Tell A Friend",
                            "URL": "http://www.amazon.co.uk/gp/pdp/taf/B01B9S28PG%3FSubscriptionId%3DAKIAJ55ROCVVUZ4A6GGA%26tag%3Dscotapcom-21%26linkCode%3Dxm2%26camp%3D2025%26creative%3D12734%26creativeASIN%3DB01B9S28PG"
                        },
                        {
                            "Description": "All Customer Reviews",
                            "URL": "http://www.amazon.co.uk/review/product/B01B9S28PG%3FSubscriptionId%3DAKIAJ55ROCVVUZ4A6GGA%26tag%3Dscotapcom-21%26linkCode%3Dxm2%26camp%3D2025%26creative%3D12734%26creativeASIN%3DB01B9S28PG"
                        },
                        {
                            "Description": "All Offers",
                            "URL": "http://www.amazon.co.uk/gp/offer-listing/B01B9S28PG%3FSubscriptionId%3DAKIAJ55ROCVVUZ4A6GGA%26tag%3Dscotapcom-21%26linkCode%3Dxm2%26camp%3D2025%26creative%3D12734%26creativeASIN%3DB01B9S28PG"
                        }
                    ]
                },
                "ItemAttributes": {
                    "Author": "Brian McClellan",
                    "ProductGroup": "eBooks",
                    "Title": "Ghosts of the Tristan Basin: A Powder Mage Novella"
                }
            },
            {
                "ASIN": "B01ARRSVM4",
                "DetailPageURL": "http://www.amazon.co.uk/Spiderlight-Adrian-Tchaikovsky-ebook/dp/B01ARRSVM4%3FSubscriptionId%3DAKIAJ55ROCVVUZ4A6GGA%26tag%3Dscotapcom-21%26linkCode%3Dxm2%26camp%3D2025%26creative%3D165953%26creativeASIN%3DB01ARRSVM4",
                "ItemLinks": {
                    "ItemLink": [
                        {
                            "Description": "Add To Wishlist",
                            "URL": "http://www.amazon.co.uk/gp/registry/wishlist/add-item.html%3Fasin.0%3DB01ARRSVM4%26SubscriptionId%3DAKIAJ55ROCVVUZ4A6GGA%26tag%3Dscotapcom-21%26linkCode%3Dxm2%26camp%3D2025%26creative%3D12734%26creativeASIN%3DB01ARRSVM4"
                        },
                        {
                            "Description": "Tell A Friend",
                            "URL": "http://www.amazon.co.uk/gp/pdp/taf/B01ARRSVM4%3FSubscriptionId%3DAKIAJ55ROCVVUZ4A6GGA%26tag%3Dscotapcom-21%26linkCode%3Dxm2%26camp%3D2025%26creative%3D12734%26creativeASIN%3DB01ARRSVM4"
                        },
                        {
                            "Description": "All Customer Reviews",
                            "URL": "http://www.amazon.co.uk/review/product/B01ARRSVM4%3FSubscriptionId%3DAKIAJ55ROCVVUZ4A6GGA%26tag%3Dscotapcom-21%26linkCode%3Dxm2%26camp%3D2025%26creative%3D12734%26creativeASIN%3DB01ARRSVM4"
                        },
                        {
                            "Description": "All Offers",
                            "URL": "http://www.amazon.co.uk/gp/offer-listing/B01ARRSVM4%3FSubscriptionId%3DAKIAJ55ROCVVUZ4A6GGA%26tag%3Dscotapcom-21%26linkCode%3Dxm2%26camp%3D2025%26creative%3D12734%26creativeASIN%3DB01ARRSVM4"
                        }
                    ]
                },
                "ItemAttributes": {
                    "Author": "Adrian Tchaikovsky",
                    "Manufacturer": "Tor.com",
                    "ProductGroup": "eBooks",
                    "Title": "Spiderlight"
                }
            },
            {
                "ASIN": "B019NFXK72",
                "DetailPageURL": "http://www.amazon.co.uk/All-Birds-Charlie-Jane-Anders-ebook/dp/B019NFXK72%3FSubscriptionId%3DAKIAJ55ROCVVUZ4A6GGA%26tag%3Dscotapcom-21%26linkCode%3Dxm2%26camp%3D2025%26creative%3D165953%26creativeASIN%3DB019NFXK72",
                "ItemLinks": {
                    "ItemLink": [
                        {
                            "Description": "Add To Wishlist",
                            "URL": "http://www.amazon.co.uk/gp/registry/wishlist/add-item.html%3Fasin.0%3DB019NFXK72%26SubscriptionId%3DAKIAJ55ROCVVUZ4A6GGA%26tag%3Dscotapcom-21%26linkCode%3Dxm2%26camp%3D2025%26creative%3D12734%26creativeASIN%3DB019NFXK72"
                        },
                        {
                            "Description": "Tell A Friend",
                            "URL": "http://www.amazon.co.uk/gp/pdp/taf/B019NFXK72%3FSubscriptionId%3DAKIAJ55ROCVVUZ4A6GGA%26tag%3Dscotapcom-21%26linkCode%3Dxm2%26camp%3D2025%26creative%3D12734%26creativeASIN%3DB019NFXK72"
                        },
                        {
                            "Description": "All Customer Reviews",
                            "URL": "http://www.amazon.co.uk/review/product/B019NFXK72%3FSubscriptionId%3DAKIAJ55ROCVVUZ4A6GGA%26tag%3Dscotapcom-21%26linkCode%3Dxm2%26camp%3D2025%26creative%3D12734%26creativeASIN%3DB019NFXK72"
                        },
                        {
                            "Description": "All Offers",
                            "URL": "http://www.amazon.co.uk/gp/offer-listing/B019NFXK72%3FSubscriptionId%3DAKIAJ55ROCVVUZ4A6GGA%26tag%3Dscotapcom-21%26linkCode%3Dxm2%26camp%3D2025%26creative%3D12734%26creativeASIN%3DB019NFXK72"
                        }
                    ]
                },
                "ItemAttributes": {
                    "Author": "Charlie Jane Anders",
                    "Manufacturer": "Titan Books",
                    "ProductGroup": "eBooks",
                    "Title": "All the Birds in the Sky"
                }
            },
            {
                "ASIN": "B016VCHZ0S",
                "DetailPageURL": "http://www.amazon.co.uk/The-Devil-You-Know-Parker-ebook/dp/B016VCHZ0S%3FSubscriptionId%3DAKIAJ55ROCVVUZ4A6GGA%26tag%3Dscotapcom-21%26linkCode%3Dxm2%26camp%3D2025%26creative%3D165953%26creativeASIN%3DB016VCHZ0S",
                "ItemLinks": {
                    "ItemLink": [
                        {
                            "Description": "Add To Wishlist",
                            "URL": "http://www.amazon.co.uk/gp/registry/wishlist/add-item.html%3Fasin.0%3DB016VCHZ0S%26SubscriptionId%3DAKIAJ55ROCVVUZ4A6GGA%26tag%3Dscotapcom-21%26linkCode%3Dxm2%26camp%3D2025%26creative%3D12734%26creativeASIN%3DB016VCHZ0S"
                        },
                        {
                            "Description": "Tell A Friend",
                            "URL": "http://www.amazon.co.uk/gp/pdp/taf/B016VCHZ0S%3FSubscriptionId%3DAKIAJ55ROCVVUZ4A6GGA%26tag%3Dscotapcom-21%26linkCode%3Dxm2%26camp%3D2025%26creative%3D12734%26creativeASIN%3DB016VCHZ0S"
                        },
                        {
                            "Description": "All Customer Reviews",
                            "URL": "http://www.amazon.co.uk/review/product/B016VCHZ0S%3FSubscriptionId%3DAKIAJ55ROCVVUZ4A6GGA%26tag%3Dscotapcom-21%26linkCode%3Dxm2%26camp%3D2025%26creative%3D12734%26creativeASIN%3DB016VCHZ0S"
                        },
                        {
                            "Description": "All Offers",
                            "URL": "http://www.amazon.co.uk/gp/offer-listing/B016VCHZ0S%3FSubscriptionId%3DAKIAJ55ROCVVUZ4A6GGA%26tag%3Dscotapcom-21%26linkCode%3Dxm2%26camp%3D2025%26creative%3D12734%26creativeASIN%3DB016VCHZ0S"
                        }
                    ]
                },
                "ItemAttributes": {
                    "Author": "K. J. Parker",
                    "Manufacturer": "Tor.com",
                    "ProductGroup": "eBooks",
                    "Title": "The Devil You Know"
                }
            },
            {
                "ASIN": "B01AATYC18",
                "DetailPageURL": "http://www.amazon.co.uk/Dead-Mans-Steel-Grim-Company-Luke-Scull-ebook/dp/B01AATYC18%3FSubscriptionId%3DAKIAJ55ROCVVUZ4A6GGA%26tag%3Dscotapcom-21%26linkCode%3Dxm2%26camp%3D2025%26creative%3D165953%26creativeASIN%3DB01AATYC18",
                "ItemLinks": {
                    "ItemLink": [
                        {
                            "Description": "Add To Wishlist",
                            "URL": "http://www.amazon.co.uk/gp/registry/wishlist/add-item.html%3Fasin.0%3DB01AATYC18%26SubscriptionId%3DAKIAJ55ROCVVUZ4A6GGA%26tag%3Dscotapcom-21%26linkCode%3Dxm2%26camp%3D2025%26creative%3D12734%26creativeASIN%3DB01AATYC18"
                        },
                        {
                            "Description": "Tell A Friend",
                            "URL": "http://www.amazon.co.uk/gp/pdp/taf/B01AATYC18%3FSubscriptionId%3DAKIAJ55ROCVVUZ4A6GGA%26tag%3Dscotapcom-21%26linkCode%3Dxm2%26camp%3D2025%26creative%3D12734%26creativeASIN%3DB01AATYC18"
                        },
                        {
                            "Description": "All Customer Reviews",
                            "URL": "http://www.amazon.co.uk/review/product/B01AATYC18%3FSubscriptionId%3DAKIAJ55ROCVVUZ4A6GGA%26tag%3Dscotapcom-21%26linkCode%3Dxm2%26camp%3D2025%26creative%3D12734%26creativeASIN%3DB01AATYC18"
                        },
                        {
                            "Description": "All Offers",
                            "URL": "http://www.amazon.co.uk/gp/offer-listing/B01AATYC18%3FSubscriptionId%3DAKIAJ55ROCVVUZ4A6GGA%26tag%3Dscotapcom-21%26linkCode%3Dxm2%26camp%3D2025%26creative%3D12734%26creativeASIN%3DB01AATYC18"
                        }
                    ]
                },
                "ItemAttributes": {
                    "Author": "Luke Scull",
                    "Manufacturer": "Head of Zeus",
                    "ProductGroup": "eBooks",
                    "Title": "Dead Man's Steel (The Grim Company)"
                }
            },
            {
                "ASIN": "B0163755D0",
                "DetailPageURL": "http://www.amazon.co.uk/Medusas-Web-Tim-Powers-ebook/dp/B0163755D0%3FSubscriptionId%3DAKIAJ55ROCVVUZ4A6GGA%26tag%3Dscotapcom-21%26linkCode%3Dxm2%26camp%3D2025%26creative%3D165953%26creativeASIN%3DB0163755D0",
                "ItemLinks": {
                    "ItemLink": [
                        {
                            "Description": "Add To Wishlist",
                            "URL": "http://www.amazon.co.uk/gp/registry/wishlist/add-item.html%3Fasin.0%3DB0163755D0%26SubscriptionId%3DAKIAJ55ROCVVUZ4A6GGA%26tag%3Dscotapcom-21%26linkCode%3Dxm2%26camp%3D2025%26creative%3D12734%26creativeASIN%3DB0163755D0"
                        },
                        {
                            "Description": "Tell A Friend",
                            "URL": "http://www.amazon.co.uk/gp/pdp/taf/B0163755D0%3FSubscriptionId%3DAKIAJ55ROCVVUZ4A6GGA%26tag%3Dscotapcom-21%26linkCode%3Dxm2%26camp%3D2025%26creative%3D12734%26creativeASIN%3DB0163755D0"
                        },
                        {
                            "Description": "All Customer Reviews",
                            "URL": "http://www.amazon.co.uk/review/product/B0163755D0%3FSubscriptionId%3DAKIAJ55ROCVVUZ4A6GGA%26tag%3Dscotapcom-21%26linkCode%3Dxm2%26camp%3D2025%26creative%3D12734%26creativeASIN%3DB0163755D0"
                        },
                        {
                            "Description": "All Offers",
                            "URL": "http://www.amazon.co.uk/gp/offer-listing/B0163755D0%3FSubscriptionId%3DAKIAJ55ROCVVUZ4A6GGA%26tag%3Dscotapcom-21%26linkCode%3Dxm2%26camp%3D2025%26creative%3D12734%26creativeASIN%3DB0163755D0"
                        }
                    ]
                },
                "ItemAttributes": {
                    "Author": "Tim Powers",
                    "Manufacturer": "Corvus",
                    "ProductGroup": "eBooks",
                    "Title": "Medusa's Web"
                }
            },
            {
                "ASIN": "B0166PX1Z8",
                "DetailPageURL": "http://www.amazon.co.uk/The-Ballad-Black-Victor-LaValle-ebook/dp/B0166PX1Z8%3FSubscriptionId%3DAKIAJ55ROCVVUZ4A6GGA%26tag%3Dscotapcom-21%26linkCode%3Dxm2%26camp%3D2025%26creative%3D165953%26creativeASIN%3DB0166PX1Z8",
                "ItemLinks": {
                    "ItemLink": [
                        {
                            "Description": "Add To Wishlist",
                            "URL": "http://www.amazon.co.uk/gp/registry/wishlist/add-item.html%3Fasin.0%3DB0166PX1Z8%26SubscriptionId%3DAKIAJ55ROCVVUZ4A6GGA%26tag%3Dscotapcom-21%26linkCode%3Dxm2%26camp%3D2025%26creative%3D12734%26creativeASIN%3DB0166PX1Z8"
                        },
                        {
                            "Description": "Tell A Friend",
                            "URL": "http://www.amazon.co.uk/gp/pdp/taf/B0166PX1Z8%3FSubscriptionId%3DAKIAJ55ROCVVUZ4A6GGA%26tag%3Dscotapcom-21%26linkCode%3Dxm2%26camp%3D2025%26creative%3D12734%26creativeASIN%3DB0166PX1Z8"
                        },
                        {
                            "Description": "All Customer Reviews",
                            "URL": "http://www.amazon.co.uk/review/product/B0166PX1Z8%3FSubscriptionId%3DAKIAJ55ROCVVUZ4A6GGA%26tag%3Dscotapcom-21%26linkCode%3Dxm2%26camp%3D2025%26creative%3D12734%26creativeASIN%3DB0166PX1Z8"
                        },
                        {
                            "Description": "All Offers",
                            "URL": "http://www.amazon.co.uk/gp/offer-listing/B0166PX1Z8%3FSubscriptionId%3DAKIAJ55ROCVVUZ4A6GGA%26tag%3Dscotapcom-21%26linkCode%3Dxm2%26camp%3D2025%26creative%3D12734%26creativeASIN%3DB0166PX1Z8"
                        }
                    ]
                },
                "ItemAttributes": {
                    "Author": "Victor LaValle",
                    "Manufacturer": "Tor.com",
                    "ProductGroup": "eBooks",
                    "Title": "The Ballad of Black Tom"
                }
            },
            {
                "ASIN": "B01B1KPAAM",
                "DetailPageURL": "http://www.amazon.co.uk/Return-Souls-Andy-Remic-ebook/dp/B01B1KPAAM%3FSubscriptionId%3DAKIAJ55ROCVVUZ4A6GGA%26tag%3Dscotapcom-21%26linkCode%3Dxm2%26camp%3D2025%26creative%3D165953%26creativeASIN%3DB01B1KPAAM",
                "ItemLinks": {
                    "ItemLink": [
                        {
                            "Description": "Add To Wishlist",
                            "URL": "http://www.amazon.co.uk/gp/registry/wishlist/add-item.html%3Fasin.0%3DB01B1KPAAM%26SubscriptionId%3DAKIAJ55ROCVVUZ4A6GGA%26tag%3Dscotapcom-21%26linkCode%3Dxm2%26camp%3D2025%26creative%3D12734%26creativeASIN%3DB01B1KPAAM"
                        },
                        {
                            "Description": "Tell A Friend",
                            "URL": "http://www.amazon.co.uk/gp/pdp/taf/B01B1KPAAM%3FSubscriptionId%3DAKIAJ55ROCVVUZ4A6GGA%26tag%3Dscotapcom-21%26linkCode%3Dxm2%26camp%3D2025%26creative%3D12734%26creativeASIN%3DB01B1KPAAM"
                        },
                        {
                            "Description": "All Customer Reviews",
                            "URL": "http://www.amazon.co.uk/review/product/B01B1KPAAM%3FSubscriptionId%3DAKIAJ55ROCVVUZ4A6GGA%26tag%3Dscotapcom-21%26linkCode%3Dxm2%26camp%3D2025%26creative%3D12734%26creativeASIN%3DB01B1KPAAM"
                        },
                        {
                            "Description": "All Offers",
                            "URL": "http://www.amazon.co.uk/gp/offer-listing/B01B1KPAAM%3FSubscriptionId%3DAKIAJ55ROCVVUZ4A6GGA%26tag%3Dscotapcom-21%26linkCode%3Dxm2%26camp%3D2025%26creative%3D12734%26creativeASIN%3DB01B1KPAAM"
                        }
                    ]
                },
                "ItemAttributes": {
                    "Author": "Andy Remic",
                    "Manufacturer": "Tor.com",
                    "ProductGroup": "eBooks",
                    "Title": "Return of Souls"
                }
            },
            {
                "ASIN": "B00Y7RWXJI",
                "DetailPageURL": "http://www.amazon.co.uk/The-Builders-Daniel-Polansky-ebook/dp/B00Y7RWXJI%3FSubscriptionId%3DAKIAJ55ROCVVUZ4A6GGA%26tag%3Dscotapcom-21%26linkCode%3Dxm2%26camp%3D2025%26creative%3D165953%26creativeASIN%3DB00Y7RWXJI",
                "ItemLinks": {
                    "ItemLink": [
                        {
                            "Description": "Add To Wishlist",
                            "URL": "http://www.amazon.co.uk/gp/registry/wishlist/add-item.html%3Fasin.0%3DB00Y7RWXJI%26SubscriptionId%3DAKIAJ55ROCVVUZ4A6GGA%26tag%3Dscotapcom-21%26linkCode%3Dxm2%26camp%3D2025%26creative%3D12734%26creativeASIN%3DB00Y7RWXJI"
                        },
                        {
                            "Description": "Tell A Friend",
                            "URL": "http://www.amazon.co.uk/gp/pdp/taf/B00Y7RWXJI%3FSubscriptionId%3DAKIAJ55ROCVVUZ4A6GGA%26tag%3Dscotapcom-21%26linkCode%3Dxm2%26camp%3D2025%26creative%3D12734%26creativeASIN%3DB00Y7RWXJI"
                        },
                        {
                            "Description": "All Customer Reviews",
                            "URL": "http://www.amazon.co.uk/review/product/B00Y7RWXJI%3FSubscriptionId%3DAKIAJ55ROCVVUZ4A6GGA%26tag%3Dscotapcom-21%26linkCode%3Dxm2%26camp%3D2025%26creative%3D12734%26creativeASIN%3DB00Y7RWXJI"
                        },
                        {
                            "Description": "All Offers",
                            "URL": "http://www.amazon.co.uk/gp/offer-listing/B00Y7RWXJI%3FSubscriptionId%3DAKIAJ55ROCVVUZ4A6GGA%26tag%3Dscotapcom-21%26linkCode%3Dxm2%26camp%3D2025%26creative%3D12734%26creativeASIN%3DB00Y7RWXJI"
                        }
                    ]
                },
                "ItemAttributes": {
                    "Author": "Daniel Polansky",
                    "Manufacturer": "Tor.com",
                    "ProductGroup": "eBooks",
                    "Title": "The Builders"
                }
            }
        ]
    }
}