{
    "@": {
        "xmlns": "http://webservices.amazon.com/AWSECommerceService/2011-08-01"
    },
    "OperationRequest": {
        "RequestId": "4b4bc742-684d-4ace-a7ba-97b96ce3f3ab",
        "Arguments": {
            "Argument": [
                {
                    "@": {
                        "Name": "ItemId",
                        "Value": "B01AU2TDMS"
                    }
                },
                {
                    "@": {
                        "Name": "Operation",
                        "Value": "SimilarityLookup"
                    }
                },
                {
                    "@": {
                        "Name": "Service",
                        "Value": "AWSECommerceService"
                    }
                },
                {
                    "@": {
                        "Name": "Version",
                        "Value": "2009-10-01"
                    }
                },
                {
                    "@": {
                        "Name": "AssociateTag",
                        "Value": "scotapcom-21"
                    }
                },
                {
                    "@": {
                        "Name": "Region",
                        "Value": "US"
                    }
                },
                {
                    "@": {
                        "Name": "Timestamp",
                        "Value": "2016-03-17T17:01:46.729Z"
                    }
                },
                {
                    "@": {
                        "Name": "AWSAccessKeyId",
                        "Value": "AKIAJ55ROCVVUZ4A6GGA"
                    }
                },
                {
                    "@": {
                        "Name": "Signature",
                        "Value": "R1Oc0pnS8Q/MMZGIyPGTeUrrDeo44ydEWYi75NuK0ms="
                    }
                }
            ]
        },
        "RequestProcessingTime": "0.1590340000000000"
    },
    "Items": {
        "Request": {
            "IsValid": "True",
            "SimilarityLookupRequest": {
                "ItemId": "B01AU2TDMS",
                "ResponseGroup": "Small"
            }
        },
        "Item": [
            {
                "ASIN": "B0125NSF8S",
                "DetailPageURL": "http://www.amazon.co.uk/Cosmic-Girl-Found-Superhero-Novel-ebook/dp/B0125NSF8S%3FSubscriptionId%3DAKIAJ55ROCVVUZ4A6GGA%26tag%3Dscotapcom-21%26linkCode%3Dxm2%26camp%3D2025%26creative%3D165953%26creativeASIN%3DB0125NSF8S",
                "ItemLinks": {
                    "ItemLink": [
                        {
                            "Description": "Add To Wishlist",
                            "URL": "http://www.amazon.co.uk/gp/registry/wishlist/add-item.html%3Fasin.0%3DB0125NSF8S%26SubscriptionId%3DAKIAJ55ROCVVUZ4A6GGA%26tag%3Dscotapcom-21%26linkCode%3Dxm2%26camp%3D2025%26creative%3D12734%26creativeASIN%3DB0125NSF8S"
                        },
                        {
                            "Description": "Tell A Friend",
                            "URL": "http://www.amazon.co.uk/gp/pdp/taf/B0125NSF8S%3FSubscriptionId%3DAKIAJ55ROCVVUZ4A6GGA%26tag%3Dscotapcom-21%26linkCode%3Dxm2%26camp%3D2025%26creative%3D12734%26creativeASIN%3DB0125NSF8S"
                        },
                        {
                            "Description": "All Customer Reviews",
                            "URL": "http://www.amazon.co.uk/review/product/B0125NSF8S%3FSubscriptionId%3DAKIAJ55ROCVVUZ4A6GGA%26tag%3Dscotapcom-21%26linkCode%3Dxm2%26camp%3D2025%26creative%3D12734%26creativeASIN%3DB0125NSF8S"
                        },
                        {
                            "Description": "All Offers",
                            "URL": "http://www.amazon.co.uk/gp/offer-listing/B0125NSF8S%3FSubscriptionId%3DAKIAJ55ROCVVUZ4A6GGA%26tag%3Dscotapcom-21%26linkCode%3Dxm2%26camp%3D2025%26creative%3D12734%26creativeASIN%3DB0125NSF8S"
                        }
                    ]
                },
                "ItemAttributes": {
                    "Author": "R S J Gregory",
                    "ProductGroup": "eBooks",
                    "Title": "Cosmic Girl: Lost & Found: A Superhero Novel"
                }
            },
            {
                "ASIN": "B01CMNRJ74",
                "DetailPageURL": "http://www.amazon.co.uk/Darkest-Day-StrikeForce-Book-3-ebook/dp/B01CMNRJ74%3FSubscriptionId%3DAKIAJ55ROCVVUZ4A6GGA%26tag%3Dscotapcom-21%26linkCode%3Dxm2%26camp%3D2025%26creative%3D165953%26creativeASIN%3DB01CMNRJ74",
                "ItemLinks": {
                    "ItemLink": [
                        {
                            "Description": "Add To Wishlist",
                            "URL": "http://www.amazon.co.uk/gp/registry/wishlist/add-item.html%3Fasin.0%3DB01CMNRJ74%26SubscriptionId%3DAKIAJ55ROCVVUZ4A6GGA%26tag%3Dscotapcom-21%26linkCode%3Dxm2%26camp%3D2025%26creative%3D12734%26creativeASIN%3DB01CMNRJ74"
                        },
                        {
                            "Description": "Tell A Friend",
                            "URL": "http://www.amazon.co.uk/gp/pdp/taf/B01CMNRJ74%3FSubscriptionId%3DAKIAJ55ROCVVUZ4A6GGA%26tag%3Dscotapcom-21%26linkCode%3Dxm2%26camp%3D2025%26creative%3D12734%26creativeASIN%3DB01CMNRJ74"
                        },
                        {
                            "Description": "All Customer Reviews",
                            "URL": "http://www.amazon.co.uk/review/product/B01CMNRJ74%3FSubscriptionId%3DAKIAJ55ROCVVUZ4A6GGA%26tag%3Dscotapcom-21%26linkCode%3Dxm2%26camp%3D2025%26creative%3D12734%26creativeASIN%3DB01CMNRJ74"
                        },
                        {
                            "Description": "All Offers",
                            "URL": "http://www.amazon.co.uk/gp/offer-listing/B01CMNRJ74%3FSubscriptionId%3DAKIAJ55ROCVVUZ4A6GGA%26tag%3Dscotapcom-21%26linkCode%3Dxm2%26camp%3D2025%26creative%3D12734%26creativeASIN%3DB01CMNRJ74"
                        }
                    ]
                },
                "ItemAttributes": {
                    "Author": "Colleen Vanderlinden",
                    "Manufacturer": "Peitho Press",
                    "ProductGroup": "eBooks",
                    "Title": "Darkest Day (StrikeForce Book 3)"
                }
            },
            {
                "ASIN": "B01A6EQ3XW",
                "DetailPageURL": "http://www.amazon.co.uk/Please-Dont-Tell-Parents-Henchmen-ebook/dp/B01A6EQ3XW%3FSubscriptionId%3DAKIAJ55ROCVVUZ4A6GGA%26tag%3Dscotapcom-21%26linkCode%3Dxm2%26camp%3D2025%26creative%3D165953%26creativeASIN%3DB01A6EQ3XW",
                "ItemLinks": {
                    "ItemLink": [
                        {
                            "Description": "Add To Wishlist",
                            "URL": "http://www.amazon.co.uk/gp/registry/wishlist/add-item.html%3Fasin.0%3DB01A6EQ3XW%26SubscriptionId%3DAKIAJ55ROCVVUZ4A6GGA%26tag%3Dscotapcom-21%26linkCode%3Dxm2%26camp%3D2025%26creative%3D12734%26creativeASIN%3DB01A6EQ3XW"
                        },
                        {
                            "Description": "Tell A Friend",
                            "URL": "http://www.amazon.co.uk/gp/pdp/taf/B01A6EQ3XW%3FSubscriptionId%3DAKIAJ55ROCVVUZ4A6GGA%26tag%3Dscotapcom-21%26linkCode%3Dxm2%26camp%3D2025%26creative%3D12734%26creativeASIN%3DB01A6EQ3XW"
                        },
                        {
                            "Description": "All Customer Reviews",
                            "URL": "http://www.amazon.co.uk/review/product/B01A6EQ3XW%3FSubscriptionId%3DAKIAJ55ROCVVUZ4A6GGA%26tag%3Dscotapcom-21%26linkCode%3Dxm2%26camp%3D2025%26creative%3D12734%26creativeASIN%3DB01A6EQ3XW"
                        },
                        {
                            "Description": "All Offers",
                            "URL": "http://www.amazon.co.uk/gp/offer-listing/B01A6EQ3XW%3FSubscriptionId%3DAKIAJ55ROCVVUZ4A6GGA%26tag%3Dscotapcom-21%26linkCode%3Dxm2%26camp%3D2025%26creative%3D12734%26creativeASIN%3DB01A6EQ3XW"
                        }
                    ]
                },
                "ItemAttributes": {
                    "Author": "Richard Roberts",
                    "Manufacturer": "Curiosity Quills Press",
                    "ProductGroup": "eBooks",
                    "Title": "Please Don't Tell My Parents I've Got Henchmen"
                }
            },
            {
                "ASIN": "B01BJ7DRRK",
                "DetailPageURL": "http://www.amazon.co.uk/Hunters-Kiss-Princeps-Venator-Book-ebook/dp/B01BJ7DRRK%3FSubscriptionId%3DAKIAJ55ROCVVUZ4A6GGA%26tag%3Dscotapcom-21%26linkCode%3Dxm2%26camp%3D2025%26creative%3D165953%26creativeASIN%3DB01BJ7DRRK",
                "ItemLinks": {
                    "ItemLink": [
                        {
                            "Description": "Add To Wishlist",
                            "URL": "http://www.amazon.co.uk/gp/registry/wishlist/add-item.html%3Fasin.0%3DB01BJ7DRRK%26SubscriptionId%3DAKIAJ55ROCVVUZ4A6GGA%26tag%3Dscotapcom-21%26linkCode%3Dxm2%26camp%3D2025%26creative%3D12734%26creativeASIN%3DB01BJ7DRRK"
                        },
                        {
                            "Description": "Tell A Friend",
                            "URL": "http://www.amazon.co.uk/gp/pdp/taf/B01BJ7DRRK%3FSubscriptionId%3DAKIAJ55ROCVVUZ4A6GGA%26tag%3Dscotapcom-21%26linkCode%3Dxm2%26camp%3D2025%26creative%3D12734%26creativeASIN%3DB01BJ7DRRK"
                        },
                        {
                            "Description": "All Customer Reviews",
                            "URL": "http://www.amazon.co.uk/review/product/B01BJ7DRRK%3FSubscriptionId%3DAKIAJ55ROCVVUZ4A6GGA%26tag%3Dscotapcom-21%26linkCode%3Dxm2%26camp%3D2025%26creative%3D12734%26creativeASIN%3DB01BJ7DRRK"
                        },
                        {
                            "Description": "All Offers",
                            "URL": "http://www.amazon.co.uk/gp/offer-listing/B01BJ7DRRK%3FSubscriptionId%3DAKIAJ55ROCVVUZ4A6GGA%26tag%3Dscotapcom-21%26linkCode%3Dxm2%26camp%3D2025%26creative%3D12734%26creativeASIN%3DB01BJ7DRRK"
                        }
                    ]
                },
                "ItemAttributes": {
                    "Author": "Niall Teasdale",
                    "ProductGroup": "eBooks",
                    "Title": "Hunter's Kiss (Princeps Venator Book 1)"
                }
            },
            {
                "ASIN": "B01C8XFTHK",
                "DetailPageURL": "http://www.amazon.co.uk/Shadow-Cape-High-Series-Book-ebook/dp/B01C8XFTHK%3FSubscriptionId%3DAKIAJ55ROCVVUZ4A6GGA%26tag%3Dscotapcom-21%26linkCode%3Dxm2%26camp%3D2025%26creative%3D165953%26creativeASIN%3DB01C8XFTHK",
                "ItemLinks": {
                    "ItemLink": [
                        {
                            "Description": "Add To Wishlist",
                            "URL": "http://www.amazon.co.uk/gp/registry/wishlist/add-item.html%3Fasin.0%3DB01C8XFTHK%26SubscriptionId%3DAKIAJ55ROCVVUZ4A6GGA%26tag%3Dscotapcom-21%26linkCode%3Dxm2%26camp%3D2025%26creative%3D12734%26creativeASIN%3DB01C8XFTHK"
                        },
                        {
                            "Description": "Tell A Friend",
                            "URL": "http://www.amazon.co.uk/gp/pdp/taf/B01C8XFTHK%3FSubscriptionId%3DAKIAJ55ROCVVUZ4A6GGA%26tag%3Dscotapcom-21%26linkCode%3Dxm2%26camp%3D2025%26creative%3D12734%26creativeASIN%3DB01C8XFTHK"
                        },
                        {
                            "Description": "All Customer Reviews",
                            "URL": "http://www.amazon.co.uk/review/product/B01C8XFTHK%3FSubscriptionId%3DAKIAJ55ROCVVUZ4A6GGA%26tag%3Dscotapcom-21%26linkCode%3Dxm2%26camp%3D2025%26creative%3D12734%26creativeASIN%3DB01C8XFTHK"
                        },
                        {
                            "Description": "All Offers",
                            "URL": "http://www.amazon.co.uk/gp/offer-listing/B01C8XFTHK%3FSubscriptionId%3DAKIAJ55ROCVVUZ4A6GGA%26tag%3Dscotapcom-21%26linkCode%3Dxm2%26camp%3D2025%26creative%3D12734%26creativeASIN%3DB01C8XFTHK"
                        }
                    ]
                },
                "ItemAttributes": {
                    "Author": "R.J. Ross",
                    "Manufacturer": "Book Candy Publishing LLC",
                    "ProductGroup": "eBooks",
                    "Title": "Shadow Boy (Cape High Series Book 14)"
                }
            },
            {
                "ASIN": "B0173ONNG8",
                "DetailPageURL": "http://www.amazon.co.uk/New-Day-StrikeForce-Book-ebook/dp/B0173ONNG8%3FSubscriptionId%3DAKIAJ55ROCVVUZ4A6GGA%26tag%3Dscotapcom-21%26linkCode%3Dxm2%26camp%3D2025%26creative%3D165953%26creativeASIN%3DB0173ONNG8",
                "ItemLinks": {
                    "ItemLink": [
                        {
                            "Description": "Add To Wishlist",
                            "URL": "http://www.amazon.co.uk/gp/registry/wishlist/add-item.html%3Fasin.0%3DB0173ONNG8%26SubscriptionId%3DAKIAJ55ROCVVUZ4A6GGA%26tag%3Dscotapcom-21%26linkCode%3Dxm2%26camp%3D2025%26creative%3D12734%26creativeASIN%3DB0173ONNG8"
                        },
                        {
                            "Description": "Tell A Friend",
                            "URL": "http://www.amazon.co.uk/gp/pdp/taf/B0173ONNG8%3FSubscriptionId%3DAKIAJ55ROCVVUZ4A6GGA%26tag%3Dscotapcom-21%26linkCode%3Dxm2%26camp%3D2025%26creative%3D12734%26creativeASIN%3DB0173ONNG8"
                        },
                        {
                            "Description": "All Customer Reviews",
                            "URL": "http://www.amazon.co.uk/review/product/B0173ONNG8%3FSubscriptionId%3DAKIAJ55ROCVVUZ4A6GGA%26tag%3Dscotapcom-21%26linkCode%3Dxm2%26camp%3D2025%26creative%3D12734%26creativeASIN%3DB0173ONNG8"
                        },
                        {
                            "Description": "All Offers",
                            "URL": "http://www.amazon.co.uk/gp/offer-listing/B0173ONNG8%3FSubscriptionId%3DAKIAJ55ROCVVUZ4A6GGA%26tag%3Dscotapcom-21%26linkCode%3Dxm2%26camp%3D2025%26creative%3D12734%26creativeASIN%3DB0173ONNG8"
                        }
                    ]
                },
                "ItemAttributes": {
                    "Author": "Colleen Vanderlinden",
                    "Manufacturer": "Peitho Press",
                    "ProductGroup": "eBooks",
                    "Title": "A New Day (StrikeForce Book 1)"
                }
            },
            {
                "ASIN": "B01BFHEQCO",
                "DetailPageURL": "http://www.amazon.co.uk/The-Bathrobe-Knight-Volume-3-ebook/dp/B01BFHEQCO%3FSubscriptionId%3DAKIAJ55ROCVVUZ4A6GGA%26tag%3Dscotapcom-21%26linkCode%3Dxm2%26camp%3D2025%26creative%3D165953%26creativeASIN%3DB01BFHEQCO",
                "ItemLinks": {
                    "ItemLink": [
                        {
                            "Description": "Add To Wishlist",
                            "URL": "http://www.amazon.co.uk/gp/registry/wishlist/add-item.html%3Fasin.0%3DB01BFHEQCO%26SubscriptionId%3DAKIAJ55ROCVVUZ4A6GGA%26tag%3Dscotapcom-21%26linkCode%3Dxm2%26camp%3D2025%26creative%3D12734%26creativeASIN%3DB01BFHEQCO"
                        },
                        {
                            "Description": "Tell A Friend",
                            "URL": "http://www.amazon.co.uk/gp/pdp/taf/B01BFHEQCO%3FSubscriptionId%3DAKIAJ55ROCVVUZ4A6GGA%26tag%3Dscotapcom-21%26linkCode%3Dxm2%26camp%3D2025%26creative%3D12734%26creativeASIN%3DB01BFHEQCO"
                        },
                        {
                            "Description": "All Customer Reviews",
                            "URL": "http://www.amazon.co.uk/review/product/B01BFHEQCO%3FSubscriptionId%3DAKIAJ55ROCVVUZ4A6GGA%26tag%3Dscotapcom-21%26linkCode%3Dxm2%26camp%3D2025%26creative%3D12734%26creativeASIN%3DB01BFHEQCO"
                        },
                        {
                            "Description": "All Offers",
                            "URL": "http://www.amazon.co.uk/gp/offer-listing/B01BFHEQCO%3FSubscriptionId%3DAKIAJ55ROCVVUZ4A6GGA%26tag%3Dscotapcom-21%26linkCode%3Dxm2%26camp%3D2025%26creative%3D12734%26creativeASIN%3DB01BFHEQCO"
                        }
                    ]
                },
                "ItemAttributes": {
                    "Author": "Charles Dean",
                    "Creator": {
                        "#": "Joshua Swayne",
                        "@": {
                            "Role": "Editor"
                        }
                    },
                    "ProductGroup": "eBooks",
                    "Title": "The Bathrobe Knight: Volume 3"
                }
            },
            {
                "ASIN": "B01CMKZ0E6",
                "DetailPageURL": "http://www.amazon.co.uk/Criminal-Minds-Fox-Meridian-Book-ebook/dp/B01CMKZ0E6%3FSubscriptionId%3DAKIAJ55ROCVVUZ4A6GGA%26tag%3Dscotapcom-21%26linkCode%3Dxm2%26camp%3D2025%26creative%3D165953%26creativeASIN%3DB01CMKZ0E6",
                "ItemLinks": {
                    "ItemLink": [
                        {
                            "Description": "Add To Wishlist",
                            "URL": "http://www.amazon.co.uk/gp/registry/wishlist/add-item.html%3Fasin.0%3DB01CMKZ0E6%26SubscriptionId%3DAKIAJ55ROCVVUZ4A6GGA%26tag%3Dscotapcom-21%26linkCode%3Dxm2%26camp%3D2025%26creative%3D12734%26creativeASIN%3DB01CMKZ0E6"
                        },
                        {
                            "Description": "Tell A Friend",
                            "URL": "http://www.amazon.co.uk/gp/pdp/taf/B01CMKZ0E6%3FSubscriptionId%3DAKIAJ55ROCVVUZ4A6GGA%26tag%3Dscotapcom-21%26linkCode%3Dxm2%26camp%3D2025%26creative%3D12734%26creativeASIN%3DB01CMKZ0E6"
                        },
                        {
                            "Description": "All Customer Reviews",
                            "URL": "http://www.amazon.co.uk/review/product/B01CMKZ0E6%3FSubscriptionId%3DAKIAJ55ROCVVUZ4A6GGA%26tag%3Dscotapcom-21%26linkCode%3Dxm2%26camp%3D2025%26creative%3D12734%26creativeASIN%3DB01CMKZ0E6"
                        },
                        {
                            "Description": "All Offers",
                            "URL": "http://www.amazon.co.uk/gp/offer-listing/B01CMKZ0E6%3FSubscriptionId%3DAKIAJ55ROCVVUZ4A6GGA%26tag%3Dscotapcom-21%26linkCode%3Dxm2%26camp%3D2025%26creative%3D12734%26creativeASIN%3DB01CMKZ0E6"
                        }
                    ]
                },
                "ItemAttributes": {
                    "Author": "Niall Teasdale",
                    "ProductGroup": "eBooks",
                    "Title": "Criminal Minds (Fox Meridian Book 4)"
                }
            },
            {
                "ASIN": "B01ATOL0YG",
                "DetailPageURL": "http://www.amazon.co.uk/One-More-Day-StrikeForce-Book-ebook/dp/B01ATOL0YG%3FSubscriptionId%3DAKIAJ55ROCVVUZ4A6GGA%26tag%3Dscotapcom-21%26linkCode%3Dxm2%26camp%3D2025%26creative%3D165953%26creativeASIN%3DB01ATOL0YG",
                "ItemLinks": {
                    "ItemLink": [
                        {
                            "Description": "Add To Wishlist",
                            "URL": "http://www.amazon.co.uk/gp/registry/wishlist/add-item.html%3Fasin.0%3DB01ATOL0YG%26SubscriptionId%3DAKIAJ55ROCVVUZ4A6GGA%26tag%3Dscotapcom-21%26linkCode%3Dxm2%26camp%3D2025%26creative%3D12734%26creativeASIN%3DB01ATOL0YG"
                        },
                        {
                            "Description": "Tell A Friend",
                            "URL": "http://www.amazon.co.uk/gp/pdp/taf/B01ATOL0YG%3FSubscriptionId%3DAKIAJ55ROCVVUZ4A6GGA%26tag%3Dscotapcom-21%26linkCode%3Dxm2%26camp%3D2025%26creative%3D12734%26creativeASIN%3DB01ATOL0YG"
                        },
                        {
                            "Description": "All Customer Reviews",
                            "URL": "http://www.amazon.co.uk/review/product/B01ATOL0YG%3FSubscriptionId%3DAKIAJ55ROCVVUZ4A6GGA%26tag%3Dscotapcom-21%26linkCode%3Dxm2%26camp%3D2025%26creative%3D12734%26creativeASIN%3DB01ATOL0YG"
                        },
                        {
                            "Description": "All Offers",
                            "URL": "http://www.amazon.co.uk/gp/offer-listing/B01ATOL0YG%3FSubscriptionId%3DAKIAJ55ROCVVUZ4A6GGA%26tag%3Dscotapcom-21%26linkCode%3Dxm2%26camp%3D2025%26creative%3D12734%26creativeASIN%3DB01ATOL0YG"
                        }
                    ]
                },
                "ItemAttributes": {
                    "Author": "Colleen Vanderlinden",
                    "Manufacturer": "Peitho Press",
                    "ProductGroup": "eBooks",
                    "Title": "One More Day (StrikeForce Book 2)"
                }
            },
            {
                "ASIN": "B0199CJK6O",
                "DetailPageURL": "http://www.amazon.co.uk/Super-Girls-Cape-High-Series-ebook/dp/B0199CJK6O%3FSubscriptionId%3DAKIAJ55ROCVVUZ4A6GGA%26tag%3Dscotapcom-21%26linkCode%3Dxm2%26camp%3D2025%26creative%3D165953%26creativeASIN%3DB0199CJK6O",
                "ItemLinks": {
                    "ItemLink": [
                        {
                            "Description": "Add To Wishlist",
                            "URL": "http://www.amazon.co.uk/gp/registry/wishlist/add-item.html%3Fasin.0%3DB0199CJK6O%26SubscriptionId%3DAKIAJ55ROCVVUZ4A6GGA%26tag%3Dscotapcom-21%26linkCode%3Dxm2%26camp%3D2025%26creative%3D12734%26creativeASIN%3DB0199CJK6O"
                        },
                        {
                            "Description": "Tell A Friend",
                            "URL": "http://www.amazon.co.uk/gp/pdp/taf/B0199CJK6O%3FSubscriptionId%3DAKIAJ55ROCVVUZ4A6GGA%26tag%3Dscotapcom-21%26linkCode%3Dxm2%26camp%3D2025%26creative%3D12734%26creativeASIN%3DB0199CJK6O"
                        },
                        {
                            "Description": "All Customer Reviews",
                            "URL": "http://www.amazon.co.uk/review/product/B0199CJK6O%3FSubscriptionId%3DAKIAJ55ROCVVUZ4A6GGA%26tag%3Dscotapcom-21%26linkCode%3Dxm2%26camp%3D2025%26creative%3D12734%26creativeASIN%3DB0199CJK6O"
                        },
                        {
                            "Description": "All Offers",
                            "URL": "http://www.amazon.co.uk/gp/offer-listing/B0199CJK6O%3FSubscriptionId%3DAKIAJ55ROCVVUZ4A6GGA%26tag%3Dscotapcom-21%26linkCode%3Dxm2%26camp%3D2025%26creative%3D12734%26creativeASIN%3DB0199CJK6O"
                        }
                    ]
                },
                "ItemAttributes": {
                    "Author": "R.J. Ross",
                    "ProductGroup": "eBooks",
                    "Title": "Super Girls (Cape High Series Book 13)"
                }
            }
        ]
    }
}